Inventory_ID,Product_ID,Stock_Level,Last_Updated
1,1,312,2025-04-06 22:26:15
2,2,388,2025-03-16 08:11:16
3,3,874,2025-06-02 17:20:25
4,4,732,2025-06-19 00:16:33
5,5,375,2025-01-17 13:06:58
6,6,324,2025-06-10 09:02:37
7,7,319,2025-02-16 14:31:21
8,8,755,2025-04-14 19:03:46
9,9,861,2025-02-06 11:34:46
10,10,717,2025-04-24 06:44:37
11,11,157,2025-01-20 09:19:17
12,12,108,2025-01-03 18:31:30
13,13,386,2025-05-17 14:12:44
14,14,511,2025-01-08 22:31:35
15,15,691,2025-06-02 17:21:24
16,16,723,2025-05-18 19:10:47
17,17,562,2025-02-03 03:10:01
18,18,820,2025-01-23 21:47:31
19,19,237,2025-03-24 21:28:50
20,20,484,2025-04-03 14:08:43
21,21,645,2025-01-05 06:26:48
22,22,694,2025-02-01 12:29:57
23,23,171,2025-02-12 15:18:01
24,24,455,2025-06-05 04:18:59
25,25,306,2025-05-09 13:09:32
26,26,40,2025-04-15 11:36:48
27,27,340,2025-01-24 14:25:02
28,28,221,2025-06-01 22:24:43
29,29,740,2025-03-31 01:48:34
30,30,158,2025-06-07 05:03:46
31,31,654,2025-05-03 15:17:00
32,32,853,2025-04-06 11:41:01
33,33,471,2025-06-16 02:54:02
34,34,212,2025-04-27 07:09:24
35,35,673,2025-02-16 17:38:18
36,36,626,2025-05-21 00:18:33
37,37,448,2025-05-17 11:49:22
38,38,544,2025-04-21 23:26:52
39,39,552,2025-02-06 07:06:37
40,40,381,2025-01-25 12:16:48
41,41,641,2025-06-10 12:33:56
42,42,219,2025-02-05 04:27:39
43,43,279,2025-04-17 10:27:14
44,44,753,2025-02-13 03:44:57
45,45,994,2025-04-14 03:05:40
46,46,145,2025-01-02 01:17:22
47,47,548,2025-03-19 12:31:15
48,48,579,2025-03-26 12:14:56
49,49,228,2025-03-28 00:56:51
50,50,660,2025-04-10 05:10:31
51,51,832,2025-03-14 12:23:02
52,52,595,2025-04-27 14:07:41
53,53,48,2025-03-14 05:32:22
54,54,236,2025-06-08 15:56:41
55,55,627,2025-06-15 14:01:37
56,56,477,2025-02-25 06:16:58
57,57,638,2025-02-14 00:58:26
58,58,942,2025-04-16 20:05:30
59,59,631,2025-02-27 12:13:49
60,60,489,2025-02-15 01:27:32
61,61,945,2025-03-01 07:58:29
62,62,948,2025-04-11 23:50:06
63,63,703,2025-01-26 03:33:41
64,64,698,2025-04-16 04:50:05
65,65,540,2025-03-18 08:05:54
66,66,893,2025-03-22 21:54:42
67,67,232,2025-02-12 17:55:27
68,68,703,2025-01-01 08:53:28
69,69,226,2025-02-26 06:56:24
70,70,92,2025-04-14 22:14:39
71,71,720,2025-02-01 08:35:17
72,72,391,2025-01-22 20:16:43
73,73,33,2025-05-21 19:02:42
74,74,253,2025-06-14 09:28:36
75,75,178,2025-01-12 13:05:50
76,76,106,2025-06-08 22:15:37
77,77,618,2025-03-09 23:47:00
78,78,532,2025-05-26 01:13:49
79,79,393,2025-01-14 17:36:39
80,80,785,2025-02-10 18:52:59
81,81,605,2025-05-18 07:38:58
82,82,854,2025-03-31 20:56:26
83,83,700,2025-05-14 19:07:15
84,84,440,2025-03-22 07:24:58
85,85,997,2025-05-06 23:01:26
86,86,363,2025-03-26 20:22:46
87,87,827,2025-03-08 18:33:49
88,88,381,2025-05-13 10:37:37
89,89,808,2025-06-05 18:45:50
90,90,92,2025-02-06 19:27:25
91,91,707,2025-04-24 04:14:49
92,92,711,2025-01-20 21:07:10
93,93,754,2025-06-11 18:44:54
94,94,40,2025-05-02 23:40:18
95,95,140,2025-03-12 05:58:51
96,96,349,2025-02-09 23:37:31
97,97,21,2025-01-08 18:12:48
98,98,415,2025-01-27 11:50:51
99,99,456,2025-06-13 10:56:41
100,100,454,2025-04-22 15:16:14
101,101,907,2025-03-29 05:15:56
102,102,943,2025-03-20 23:49:22
103,103,764,2025-04-28 21:20:08
104,104,674,2025-06-14 14:10:54
105,105,546,2025-03-11 17:02:55
106,106,424,2025-03-13 18:02:24
107,107,663,2025-05-03 01:11:26
108,108,697,2025-06-14 08:21:22
109,109,795,2025-04-12 09:40:06
110,110,47,2025-06-10 13:14:22
111,111,422,2025-03-24 19:54:14
112,112,671,2025-01-29 16:37:47
113,113,478,2025-01-27 03:14:53
114,114,238,2025-05-20 14:12:54
115,115,314,2025-04-14 20:35:21
116,116,516,2025-01-26 13:01:54
117,117,437,2025-04-24 12:25:49
118,118,492,2025-03-13 17:40:35
119,119,105,2025-04-17 15:14:52
120,120,901,2025-06-18 20:08:40
121,121,314,2025-04-01 21:23:50
122,122,858,2025-04-20 18:32:39
123,123,591,2025-04-07 18:10:49
124,124,600,2025-02-05 22:54:48
125,125,704,2025-05-01 15:29:04
126,126,554,2025-03-19 03:53:07
127,127,448,2025-01-08 10:32:52
128,128,262,2025-02-06 08:36:43
129,129,155,2025-05-28 04:15:20
130,130,582,2025-06-14 20:33:29
131,131,607,2025-03-12 13:58:24
132,132,376,2025-01-18 16:47:58
133,133,751,2025-02-02 07:52:50
134,134,640,2025-01-01 22:46:07
135,135,101,2025-03-10 03:27:14
136,136,921,2025-06-17 04:12:47
137,137,758,2025-01-21 10:21:08
138,138,10,2025-04-26 01:56:28
139,139,246,2025-04-12 13:02:10
140,140,550,2025-02-06 02:34:14
141,141,352,2025-01-31 21:54:04
142,142,199,2025-05-26 00:19:13
143,143,327,2025-01-28 16:43:01
144,144,160,2025-02-27 02:40:30
145,145,887,2025-06-08 17:07:03
146,146,490,2025-04-03 04:24:34
147,147,400,2025-05-20 13:18:04
148,148,182,2025-01-03 21:18:04
149,149,166,2025-03-06 23:24:30
150,150,115,2025-06-11 05:36:51
151,151,343,2025-01-09 16:53:05
152,152,370,2025-02-19 17:56:08
153,153,589,2025-04-08 17:42:42
154,154,787,2025-03-08 22:39:12
155,155,420,2025-03-04 05:48:54
156,156,257,2025-05-20 23:14:42
157,157,939,2025-05-17 21:58:15
158,158,703,2025-05-05 03:34:35
159,159,462,2025-02-12 01:05:30
160,160,312,2025-03-08 08:57:39
161,161,220,2025-03-26 06:43:12
162,162,596,2025-02-18 04:48:36
163,163,702,2025-02-02 01:08:38
164,164,434,2025-03-26 16:14:33
165,165,243,2025-03-16 09:15:15
166,166,620,2025-04-16 08:10:40
167,167,628,2025-06-17 13:43:02
168,168,273,2025-05-27 10:17:15
169,169,639,2025-05-24 11:17:51
170,170,354,2025-01-01 21:27:24
171,171,948,2025-05-15 13:30:23
172,172,620,2025-03-07 13:16:46
173,173,305,2025-04-22 05:54:47
174,174,17,2025-02-16 11:53:56
175,175,215,2025-03-07 05:46:45
176,176,579,2025-02-13 01:06:18
177,177,586,2025-02-09 22:32:14
178,178,366,2025-02-03 18:37:05
179,179,338,2025-03-14 02:15:58
180,180,816,2025-06-18 15:35:41
181,181,771,2025-02-05 01:16:00
182,182,302,2025-04-20 10:43:14
183,183,434,2025-04-15 17:32:39
184,184,380,2025-06-07 17:41:01
185,185,455,2025-04-15 23:01:37
186,186,807,2025-04-17 12:41:36
187,187,688,2025-03-19 05:06:05
188,188,678,2025-03-06 19:26:54
189,189,386,2025-05-29 02:10:49
190,190,213,2025-02-03 05:53:35
191,191,86,2025-05-20 20:10:30
192,192,491,2025-03-31 13:10:26
193,193,69,2025-05-14 15:12:06
194,194,535,2025-01-24 09:03:21
195,195,512,2025-02-09 00:34:27
196,196,232,2025-03-21 14:32:07
197,197,42,2025-04-13 17:55:24
198,198,64,2025-03-01 16:33:02
199,199,163,2025-06-13 20:34:06
200,200,766,2025-02-18 07:06:53
201,201,882,2025-01-19 12:46:29
202,202,103,2025-01-03 10:47:05
203,203,26,2025-05-15 21:05:17
204,204,688,2025-01-14 03:30:09
205,205,159,2025-01-28 10:25:11
206,206,763,2025-01-25 21:54:20
207,207,836,2025-01-15 04:05:17
208,208,977,2025-02-18 14:39:21
209,209,488,2025-02-03 22:28:20
210,210,972,2025-01-05 09:16:50
211,211,218,2025-05-27 19:57:59
212,212,399,2025-05-08 02:47:03
213,213,697,2025-05-20 06:20:13
214,214,395,2025-05-08 14:54:03
215,215,236,2025-03-29 12:33:02
216,216,709,2025-04-10 22:41:51
217,217,770,2025-01-02 02:38:51
218,218,181,2025-03-02 13:08:39
219,219,369,2025-01-17 03:11:33
220,220,763,2025-06-13 11:43:18
221,221,409,2025-01-20 10:52:29
222,222,682,2025-01-04 07:28:25
223,223,823,2025-05-03 18:20:06
224,224,482,2025-02-02 22:26:21
225,225,219,2025-04-02 20:07:34
226,226,747,2025-03-26 07:10:29
227,227,731,2025-03-04 14:47:58
228,228,856,2025-03-08 19:16:04
229,229,200,2025-04-28 13:55:40
230,230,184,2025-03-14 11:13:01
231,231,979,2025-04-04 20:15:01
232,232,757,2025-02-06 23:25:59
233,233,219,2025-02-03 04:54:24
234,234,301,2025-03-26 19:55:38
235,235,950,2025-02-28 13:59:15
236,236,527,2025-01-18 08:16:21
237,237,472,2025-01-01 05:17:17
238,238,284,2025-01-04 11:57:53
239,239,587,2025-04-14 08:40:33
240,240,228,2025-04-05 11:15:40
241,241,622,2025-06-19 01:50:50
242,242,76,2025-04-06 18:12:45
243,243,446,2025-04-15 02:35:26
244,244,693,2025-01-07 08:38:56
245,245,410,2025-05-15 13:37:14
246,246,15,2025-05-16 12:08:33
247,247,826,2025-02-26 05:57:58
248,248,108,2025-06-06 21:07:24
249,249,604,2025-02-13 13:42:25
250,250,136,2025-06-03 00:54:49
251,251,44,2025-03-31 20:07:57
252,252,627,2025-05-02 00:08:36
253,253,20,2025-03-25 07:37:36
254,254,319,2025-03-24 18:03:04
255,255,571,2025-01-18 00:00:04
256,256,541,2025-05-04 03:32:09
257,257,451,2025-04-24 03:47:54
258,258,415,2025-04-30 02:14:47
259,259,747,2025-06-18 06:08:39
260,260,754,2025-06-14 15:08:14
261,261,33,2025-04-29 11:58:45
262,262,775,2025-04-03 16:09:41
263,263,462,2025-05-15 16:59:37
264,264,222,2025-05-21 04:56:34
265,265,889,2025-05-01 04:06:26
266,266,773,2025-06-06 23:19:13
267,267,167,2025-05-01 17:38:38
268,268,433,2025-01-08 10:05:59
269,269,326,2025-03-11 06:39:04
270,270,321,2025-05-25 23:38:40
271,271,956,2025-03-03 00:19:20
272,272,783,2025-05-31 03:00:17
273,273,468,2025-06-07 18:05:37
274,274,802,2025-06-16 20:14:00
275,275,797,2025-02-15 19:57:05
276,276,581,2025-03-25 01:05:23
277,277,917,2025-04-03 15:17:11
278,278,594,2025-01-18 14:06:32
279,279,653,2025-03-23 19:17:57
280,280,717,2025-03-17 17:21:01
281,281,212,2025-01-09 01:14:02
282,282,690,2025-02-10 22:55:46
283,283,490,2025-05-15 23:43:59
284,284,536,2025-02-18 17:39:03
285,285,375,2025-01-11 19:55:47
286,286,638,2025-04-27 09:36:39
287,287,381,2025-03-22 17:15:38
288,288,655,2025-06-14 08:58:47
289,289,971,2025-01-31 21:14:44
290,290,296,2025-02-26 15:24:40
291,291,103,2025-03-08 13:04:19
292,292,505,2025-05-10 21:56:57
293,293,451,2025-04-14 02:37:37
294,294,824,2025-04-23 06:12:32
295,295,69,2025-01-13 22:13:02
296,296,815,2025-02-01 20:39:22
297,297,845,2025-04-02 06:54:40
298,298,641,2025-04-23 18:49:33
299,299,696,2025-05-07 01:41:53
300,300,33,2025-03-25 07:15:43
301,301,623,2025-04-08 19:06:20
302,302,212,2025-04-02 22:30:44
303,303,517,2025-02-06 04:50:18
304,304,109,2025-04-19 02:59:22
305,305,950,2025-02-11 00:35:03
306,306,434,2025-05-05 10:47:39
307,307,309,2025-01-12 12:42:36
308,308,947,2025-06-19 09:35:54
309,309,970,2025-04-15 04:49:12
310,310,799,2025-04-01 05:04:50
311,311,734,2025-05-11 07:44:21
312,312,682,2025-06-19 00:43:53
313,313,687,2025-04-27 10:17:57
314,314,384,2025-01-16 05:28:42
315,315,663,2025-03-18 04:21:59
316,316,982,2025-01-07 16:38:06
317,317,582,2025-06-13 05:07:35
318,318,120,2025-02-02 17:12:59
319,319,24,2025-03-30 11:57:38
320,320,302,2025-03-11 10:20:52
321,321,368,2025-05-13 00:34:57
322,322,779,2025-04-14 21:59:18
323,323,512,2025-05-28 14:01:06
324,324,844,2025-03-31 21:28:54
325,325,262,2025-05-31 18:57:32
326,326,742,2025-02-26 11:15:56
327,327,288,2025-04-13 04:23:29
328,328,438,2025-02-24 04:19:35
329,329,455,2025-04-18 00:19:43
330,330,994,2025-04-21 06:09:43
331,331,598,2025-05-06 18:04:41
332,332,865,2025-03-21 11:41:40
333,333,317,2025-04-04 11:02:16
334,334,271,2025-03-05 21:11:15
335,335,946,2025-05-25 18:39:13
336,336,515,2025-01-26 01:08:56
337,337,821,2025-01-10 22:16:57
338,338,228,2025-04-30 21:30:39
339,339,715,2025-03-22 15:48:01
340,340,993,2025-01-19 12:42:33
341,341,249,2025-02-17 04:15:07
342,342,562,2025-02-12 01:52:26
343,343,461,2025-04-16 02:18:07
344,344,796,2025-01-10 20:13:39
345,345,572,2025-03-20 18:33:23
346,346,913,2025-05-23 14:20:43
347,347,68,2025-05-18 11:38:34
348,348,772,2025-01-03 09:52:15
349,349,799,2025-04-23 07:12:43
350,350,815,2025-03-27 20:22:40
351,351,923,2025-02-13 06:38:49
352,352,977,2025-01-07 12:07:28
353,353,738,2025-01-20 03:12:31
354,354,343,2025-05-31 12:48:32
355,355,143,2025-03-06 22:13:03
356,356,523,2025-01-27 00:27:25
357,357,976,2025-02-21 10:05:46
358,358,596,2025-03-11 18:26:27
359,359,40,2025-05-25 03:32:46
360,360,685,2025-04-10 03:58:49
361,361,349,2025-06-18 12:51:54
362,362,408,2025-03-10 00:31:36
363,363,457,2025-05-08 09:55:35
364,364,363,2025-05-29 02:00:16
365,365,950,2025-01-25 12:50:28
366,366,99,2025-04-07 09:06:49
367,367,576,2025-05-30 11:20:29
368,368,205,2025-06-13 09:32:17
369,369,463,2025-01-02 19:48:08
370,370,565,2025-06-03 22:52:04
371,371,828,2025-05-27 08:53:02
372,372,925,2025-06-13 07:15:51
373,373,320,2025-02-26 15:05:41
374,374,767,2025-02-24 03:26:37
375,375,470,2025-05-30 13:41:16
376,376,463,2025-04-11 18:10:45
377,377,102,2025-05-15 20:31:50
378,378,617,2025-02-25 14:31:34
379,379,551,2025-04-23 08:47:38
380,380,954,2025-03-07 05:59:13
381,381,781,2025-03-25 07:28:34
382,382,562,2025-03-06 05:47:02
383,383,524,2025-05-26 02:26:39
384,384,252,2025-04-14 15:16:30
385,385,465,2025-02-26 08:28:56
386,386,290,2025-01-22 05:18:24
387,387,261,2025-03-06 11:39:31
388,388,844,2025-01-09 07:46:37
389,389,280,2025-02-02 12:07:50
390,390,373,2025-01-14 00:58:09
391,391,54,2025-04-20 04:19:48
392,392,630,2025-04-24 12:04:22
393,393,849,2025-03-18 09:12:18
394,394,422,2025-05-31 18:48:47
395,395,530,2025-06-04 08:59:02
396,396,336,2025-04-11 18:51:07
397,397,643,2025-04-17 14:41:33
398,398,229,2025-06-06 23:03:10
399,399,525,2025-01-30 03:47:53
400,400,51,2025-05-12 12:47:18
401,401,414,2025-02-22 21:39:38
402,402,171,2025-02-08 00:10:54
403,403,774,2025-04-07 02:09:51
404,404,341,2025-01-14 19:54:39
405,405,69,2025-04-03 05:24:55
406,406,163,2025-04-04 17:04:58
407,407,255,2025-03-30 18:25:38
408,408,56,2025-02-24 12:30:35
409,409,533,2025-04-17 03:06:09
410,410,891,2025-01-19 21:10:01
411,411,594,2025-05-27 05:49:57
412,412,670,2025-05-04 15:32:30
413,413,615,2025-04-09 02:36:59
414,414,858,2025-01-28 10:38:09
415,415,699,2025-01-24 06:04:10
416,416,409,2025-03-16 19:06:13
417,417,297,2025-05-30 08:26:26
418,418,412,2025-01-24 01:23:22
419,419,831,2025-02-28 20:39:27
420,420,632,2025-04-23 05:58:35
421,421,985,2025-02-04 19:49:55
422,422,665,2025-05-15 01:23:21
423,423,179,2025-02-07 19:51:36
424,424,281,2025-03-28 16:28:42
425,425,962,2025-01-05 22:00:13
426,426,237,2025-03-14 00:19:30
427,427,315,2025-02-06 15:53:43
428,428,803,2025-02-18 05:03:15
429,429,905,2025-02-06 09:15:28
430,430,247,2025-04-17 14:18:32
431,431,376,2025-05-03 05:29:29
432,432,267,2025-03-03 18:31:58
433,433,551,2025-01-06 02:52:27
434,434,425,2025-03-07 19:07:13
435,435,619,2025-04-13 10:15:42
436,436,347,2025-06-18 01:08:20
437,437,191,2025-04-20 13:08:57
438,438,124,2025-06-13 23:47:03
439,439,201,2025-04-20 05:30:59
440,440,849,2025-02-02 02:39:45
441,441,114,2025-03-24 13:01:45
442,442,712,2025-02-12 10:53:03
443,443,374,2025-05-30 07:59:12
444,444,408,2025-05-08 20:53:35
445,445,42,2025-04-22 16:06:17
446,446,852,2025-03-21 16:22:43
447,447,250,2025-03-05 08:40:21
448,448,526,2025-02-28 16:34:17
449,449,472,2025-01-02 20:43:13
450,450,75,2025-04-24 14:45:47
451,451,15,2025-05-27 09:40:37
452,452,543,2025-06-10 05:06:06
453,453,569,2025-01-22 10:26:01
454,454,56,2025-05-18 08:38:45
455,455,224,2025-03-11 17:42:43
456,456,348,2025-04-06 16:59:59
457,457,898,2025-03-31 07:35:39
458,458,327,2025-01-01 01:05:43
459,459,439,2025-03-19 09:06:34
460,460,646,2025-06-09 06:54:18
461,461,307,2025-04-02 14:38:28
462,462,400,2025-03-06 06:01:54
463,463,447,2025-05-19 02:23:08
464,464,10,2025-04-21 22:18:46
465,465,936,2025-03-05 03:10:32
466,466,316,2025-06-02 02:36:23
467,467,611,2025-01-05 13:42:18
468,468,831,2025-05-08 18:37:18
469,469,70,2025-03-08 18:33:29
470,470,227,2025-02-17 14:40:07
471,471,498,2025-01-06 23:33:10
472,472,422,2025-01-13 16:39:15
473,473,275,2025-03-13 23:07:35
474,474,461,2025-03-21 16:31:01
475,475,292,2025-05-07 10:08:18
476,476,480,2025-05-20 23:14:05
477,477,450,2025-05-08 16:30:27
478,478,762,2025-02-25 20:46:58
479,479,945,2025-03-17 19:05:17
480,480,606,2025-05-16 02:21:34
481,481,135,2025-04-22 10:22:55
482,482,682,2025-05-15 15:45:18
483,483,769,2025-05-26 09:46:48
484,484,912,2025-04-03 21:25:06
485,485,93,2025-04-30 18:54:50
486,486,446,2025-05-03 20:17:38
487,487,93,2025-02-16 20:19:32
488,488,200,2025-02-04 05:52:37
489,489,191,2025-01-12 11:52:29
490,490,128,2025-01-01 13:28:36
491,491,841,2025-04-17 00:27:34
492,492,356,2025-05-10 23:46:20
493,493,55,2025-05-08 06:59:04
494,494,782,2025-03-05 23:25:32
495,495,253,2025-01-19 13:49:05
496,496,754,2025-02-12 15:19:08
497,497,598,2025-03-16 06:09:06
498,498,845,2025-05-21 04:51:28
499,499,706,2025-06-19 22:05:20
500,500,424,2025-05-29 22:23:31
501,501,725,2025-04-14 13:15:23
502,502,330,2025-04-27 14:14:17
503,503,369,2025-06-03 18:26:08
504,504,574,2025-01-02 10:53:08
505,505,817,2025-06-01 01:03:28
506,506,428,2025-06-14 22:02:11
507,507,737,2025-02-07 15:08:03
508,508,524,2025-01-20 20:12:16
509,509,738,2025-04-09 01:17:07
510,510,958,2025-01-18 03:45:46
511,511,728,2025-04-14 03:43:55
512,512,81,2025-03-24 04:48:17
513,513,663,2025-03-14 16:17:16
514,514,586,2025-05-08 21:56:48
515,515,934,2025-03-05 01:01:03
516,516,664,2025-06-18 05:31:27
517,517,55,2025-03-30 20:01:43
518,518,53,2025-02-02 20:07:58
519,519,816,2025-01-14 10:55:27
520,520,858,2025-02-25 21:18:24
521,521,319,2025-05-16 21:07:38
522,522,135,2025-06-04 04:54:54
523,523,331,2025-04-21 01:16:40
524,524,543,2025-04-28 21:36:03
525,525,626,2025-03-04 10:44:29
526,526,236,2025-06-08 09:53:44
527,527,230,2025-02-19 23:55:59
528,528,231,2025-03-22 08:59:09
529,529,391,2025-03-09 15:01:29
530,530,144,2025-01-22 08:09:40
531,531,875,2025-05-20 09:51:10
532,532,566,2025-02-14 07:14:36
533,533,435,2025-01-16 08:54:48
534,534,741,2025-05-18 04:29:48
535,535,742,2025-06-14 20:59:58
536,536,687,2025-04-07 03:39:23
537,537,420,2025-03-21 17:10:25
538,538,11,2025-03-14 12:50:03
539,539,112,2025-05-22 13:05:14
540,540,844,2025-01-11 15:40:21
541,541,238,2025-01-29 19:46:53
542,542,537,2025-04-22 15:01:35
543,543,331,2025-04-09 00:31:28
544,544,333,2025-03-06 23:41:59
545,545,777,2025-04-03 09:52:22
546,546,10,2025-03-06 15:10:37
547,547,794,2025-03-11 20:31:13
548,548,893,2025-05-05 08:38:22
549,549,36,2025-03-12 20:35:26
550,550,181,2025-03-13 03:07:22
551,551,610,2025-03-18 20:43:02
552,552,356,2025-05-31 11:36:22
553,553,814,2025-02-06 11:48:51
554,554,885,2025-03-12 06:07:22
555,555,503,2025-06-19 11:05:39
556,556,207,2025-05-12 18:45:23
557,557,818,2025-03-03 05:04:39
558,558,541,2025-01-21 14:10:07
559,559,21,2025-02-16 10:46:52
560,560,118,2025-04-04 10:55:38
561,561,906,2025-01-29 03:02:12
562,562,915,2025-03-08 18:02:34
563,563,41,2025-06-04 02:38:25
564,564,80,2025-05-05 20:49:48
565,565,198,2025-02-07 20:34:49
566,566,886,2025-04-24 13:30:23
567,567,311,2025-01-27 03:44:33
568,568,840,2025-01-14 21:33:25
569,569,372,2025-06-16 23:57:29
570,570,886,2025-02-23 18:00:49
571,571,486,2025-01-12 09:35:56
572,572,106,2025-05-06 02:29:56
573,573,996,2025-03-23 08:33:08
574,574,564,2025-01-10 16:45:27
575,575,104,2025-05-11 18:58:31
576,576,943,2025-03-07 16:49:18
577,577,393,2025-02-14 00:20:18
578,578,582,2025-04-17 17:45:50
579,579,66,2025-02-26 17:08:42
580,580,404,2025-03-12 11:15:57
581,581,775,2025-03-01 22:01:14
582,582,946,2025-04-05 14:58:09
583,583,679,2025-02-07 16:00:36
584,584,837,2025-05-25 14:14:59
585,585,102,2025-03-09 02:33:50
586,586,622,2025-05-12 17:02:37
587,587,312,2025-01-22 01:45:05
588,588,632,2025-04-02 20:22:07
589,589,591,2025-04-23 13:36:21
590,590,799,2025-03-27 00:48:52
591,591,602,2025-01-07 11:53:11
592,592,128,2025-06-14 00:58:28
593,593,204,2025-03-10 00:45:33
594,594,945,2025-04-07 00:57:46
595,595,420,2025-06-16 10:23:55
596,596,650,2025-01-10 15:33:04
597,597,813,2025-01-27 14:21:18
598,598,751,2025-01-29 00:23:34
599,599,392,2025-02-16 23:50:39
600,600,47,2025-01-29 22:06:28
601,601,908,2025-02-19 22:10:57
602,602,374,2025-02-10 05:24:34
603,603,354,2025-05-11 21:47:34
604,604,133,2025-05-04 19:01:11
605,605,599,2025-03-05 08:02:48
606,606,107,2025-03-09 20:33:48
607,607,697,2025-02-16 08:25:43
608,608,842,2025-01-15 08:30:39
609,609,767,2025-06-18 20:58:18
610,610,840,2025-02-21 01:30:19
611,611,617,2025-02-04 00:16:54
612,612,237,2025-01-14 06:06:18
613,613,863,2025-03-19 03:59:00
614,614,960,2025-02-20 23:39:35
615,615,600,2025-05-10 09:58:23
616,616,431,2025-04-09 22:35:45
617,617,555,2025-02-14 16:43:52
618,618,458,2025-01-15 00:46:38
619,619,93,2025-06-07 14:10:59
620,620,523,2025-06-09 03:23:19
621,621,453,2025-01-22 21:26:24
622,622,824,2025-03-29 05:16:24
623,623,686,2025-01-18 23:00:44
624,624,514,2025-06-09 03:31:44
625,625,88,2025-02-27 21:47:59
626,626,504,2025-03-02 10:40:20
627,627,17,2025-02-18 15:13:19
628,628,559,2025-05-22 10:42:52
629,629,21,2025-05-15 07:01:43
630,630,667,2025-04-10 13:27:49
631,631,328,2025-03-11 17:15:11
632,632,634,2025-05-04 07:23:43
633,633,980,2025-02-01 02:26:13
634,634,161,2025-02-06 02:26:11
635,635,621,2025-03-08 12:00:45
636,636,881,2025-05-08 21:16:16
637,637,218,2025-04-28 06:08:11
638,638,734,2025-01-12 09:15:15
639,639,176,2025-01-01 08:47:28
640,640,779,2025-02-03 06:54:11
641,641,865,2025-04-30 04:02:57
642,642,980,2025-01-28 18:05:23
643,643,991,2025-03-29 02:32:28
644,644,880,2025-05-22 23:06:54
645,645,581,2025-05-27 11:42:30
646,646,938,2025-02-08 11:56:25
647,647,742,2025-05-14 04:34:23
648,648,987,2025-04-21 21:58:55
649,649,810,2025-02-11 21:38:00
650,650,877,2025-03-30 05:06:01
651,651,968,2025-01-13 12:36:52
652,652,384,2025-03-11 13:25:42
653,653,27,2025-03-09 08:45:08
654,654,512,2025-03-01 12:00:11
655,655,950,2025-03-14 17:43:06
656,656,943,2025-03-15 06:17:42
657,657,728,2025-01-07 08:05:51
658,658,113,2025-03-20 22:25:30
659,659,624,2025-03-06 18:59:08
660,660,442,2025-05-31 18:32:28
661,661,95,2025-03-01 03:49:38
662,662,167,2025-01-23 22:09:23
663,663,995,2025-02-21 09:27:45
664,664,615,2025-05-22 19:17:33
665,665,235,2025-04-17 16:23:20
666,666,222,2025-05-04 19:48:59
667,667,842,2025-03-18 11:35:37
668,668,153,2025-05-08 14:38:53
669,669,86,2025-01-12 06:57:42
670,670,790,2025-01-17 15:28:28
671,671,209,2025-04-29 17:49:24
672,672,296,2025-03-08 13:14:43
673,673,600,2025-04-11 02:39:16
674,674,371,2025-04-15 17:44:48
675,675,177,2025-04-21 17:28:03
676,676,994,2025-01-18 10:32:46
677,677,148,2025-03-19 09:52:49
678,678,53,2025-01-21 14:17:04
679,679,586,2025-02-13 12:33:42
680,680,902,2025-06-08 03:59:09
681,681,974,2025-06-04 04:06:09
682,682,890,2025-05-30 12:08:34
683,683,800,2025-03-05 00:58:17
684,684,837,2025-03-05 15:30:19
685,685,281,2025-03-12 15:31:28
686,686,52,2025-01-09 17:43:57
687,687,691,2025-02-04 21:24:23
688,688,63,2025-05-21 11:36:11
689,689,976,2025-05-19 18:01:32
690,690,856,2025-03-25 06:02:07
691,691,228,2025-01-10 07:49:16
692,692,499,2025-02-09 11:52:25
693,693,903,2025-02-01 07:02:28
694,694,702,2025-06-17 02:45:03
695,695,84,2025-02-01 16:15:31
696,696,968,2025-03-25 01:30:03
697,697,961,2025-02-24 20:14:33
698,698,492,2025-05-17 10:08:37
699,699,517,2025-03-19 20:26:25
700,700,381,2025-02-22 15:58:13
701,701,544,2025-01-10 19:45:22
702,702,579,2025-01-11 04:50:09
703,703,367,2025-02-27 06:35:38
704,704,404,2025-04-10 08:41:11
705,705,168,2025-06-13 09:58:52
706,706,743,2025-04-24 21:54:31
707,707,469,2025-05-06 09:55:42
708,708,271,2025-01-16 22:13:57
709,709,563,2025-02-24 21:56:48
710,710,17,2025-04-19 20:32:04
711,711,407,2025-02-20 10:28:45
712,712,419,2025-03-24 20:36:28
713,713,118,2025-06-18 08:21:07
714,714,79,2025-03-18 08:20:24
715,715,717,2025-06-09 12:19:09
716,716,950,2025-04-14 02:09:35
717,717,927,2025-03-13 15:18:55
718,718,979,2025-04-26 18:11:55
719,719,195,2025-04-12 02:14:33
720,720,936,2025-05-17 15:26:43
721,721,434,2025-01-21 23:25:16
722,722,817,2025-03-02 04:26:49
723,723,768,2025-04-22 13:57:08
724,724,144,2025-06-14 06:42:10
725,725,748,2025-01-20 08:33:59
726,726,43,2025-05-16 08:02:08
727,727,675,2025-04-09 22:50:54
728,728,245,2025-06-10 20:07:50
729,729,948,2025-01-27 07:27:03
730,730,70,2025-04-24 06:29:55
731,731,407,2025-03-09 00:39:00
732,732,616,2025-03-11 01:00:24
733,733,860,2025-01-22 23:57:06
734,734,389,2025-05-11 02:00:06
735,735,975,2025-02-04 16:58:43
736,736,85,2025-04-16 19:10:18
737,737,449,2025-06-18 17:50:22
738,738,335,2025-05-12 07:44:13
739,739,512,2025-03-25 06:48:53
740,740,699,2025-05-06 13:49:19
741,741,105,2025-01-15 10:12:21
742,742,182,2025-05-07 01:22:52
743,743,122,2025-03-26 13:27:59
744,744,130,2025-06-18 02:21:16
745,745,577,2025-03-18 15:25:57
746,746,451,2025-03-28 03:18:17
747,747,59,2025-01-19 18:16:54
748,748,861,2025-04-26 22:26:12
749,749,668,2025-06-16 15:56:26
750,750,74,2025-05-23 17:32:07
751,751,565,2025-04-19 22:39:17
752,752,93,2025-02-19 03:54:07
753,753,930,2025-03-02 15:35:38
754,754,134,2025-05-26 05:04:00
755,755,693,2025-02-14 11:44:37
756,756,757,2025-01-09 08:50:43
757,757,144,2025-06-16 20:05:14
758,758,894,2025-02-16 09:29:00
759,759,694,2025-01-14 11:36:14
760,760,737,2025-04-20 19:55:15
761,761,670,2025-03-01 13:34:07
762,762,808,2025-01-12 23:12:02
763,763,245,2025-06-02 04:19:14
764,764,905,2025-02-23 21:14:47
765,765,705,2025-02-28 04:57:58
766,766,639,2025-04-20 06:29:32
767,767,874,2025-01-15 16:41:10
768,768,633,2025-03-02 23:22:36
769,769,958,2025-02-06 08:50:55
770,770,236,2025-05-13 04:58:35
771,771,210,2025-03-17 01:33:18
772,772,70,2025-03-16 21:22:46
773,773,196,2025-05-11 15:27:14
774,774,342,2025-04-18 03:42:43
775,775,375,2025-03-13 08:38:10
776,776,607,2025-04-06 21:20:07
777,777,905,2025-01-16 20:24:21
778,778,773,2025-04-14 20:13:42
779,779,530,2025-03-24 17:05:03
780,780,797,2025-02-25 07:10:46
781,781,517,2025-01-01 23:07:47
782,782,604,2025-04-06 15:35:31
783,783,747,2025-02-28 20:25:54
784,784,947,2025-04-23 11:34:46
785,785,148,2025-05-11 10:00:13
786,786,70,2025-01-02 11:48:36
787,787,449,2025-04-26 15:12:18
788,788,816,2025-03-01 14:17:37
789,789,164,2025-02-13 13:56:58
790,790,236,2025-03-10 19:52:52
791,791,127,2025-02-13 12:53:03
792,792,819,2025-01-20 12:26:08
793,793,301,2025-02-17 15:11:20
794,794,845,2025-06-01 04:27:44
795,795,688,2025-05-11 04:49:17
796,796,359,2025-06-11 15:06:14
797,797,624,2025-01-19 06:16:01
798,798,450,2025-05-16 16:01:22
799,799,578,2025-03-22 04:52:56
800,800,683,2025-06-17 13:53:00
801,801,714,2025-05-07 22:40:53
802,802,527,2025-01-09 05:13:04
803,803,727,2025-04-17 08:25:50
804,804,629,2025-02-08 01:12:24
805,805,876,2025-04-24 00:53:50
806,806,845,2025-02-01 21:15:55
807,807,117,2025-02-26 00:20:24
808,808,876,2025-04-13 02:48:24
809,809,30,2025-02-27 10:29:08
810,810,912,2025-04-21 17:45:00
811,811,606,2025-03-23 07:15:01
812,812,730,2025-04-13 18:11:37
813,813,406,2025-02-22 07:46:22
814,814,658,2025-02-28 03:26:35
815,815,120,2025-04-20 04:35:00
816,816,594,2025-06-11 18:46:21
817,817,791,2025-05-10 00:29:09
818,818,424,2025-01-18 17:20:34
819,819,890,2025-04-04 20:20:03
820,820,570,2025-04-04 15:06:30
821,821,59,2025-02-17 14:50:23
822,822,1000,2025-06-06 17:06:46
823,823,305,2025-05-02 13:54:20
824,824,377,2025-02-28 22:36:52
825,825,41,2025-05-24 22:42:48
826,826,362,2025-05-28 10:05:44
827,827,177,2025-02-22 04:59:53
828,828,101,2025-03-26 10:52:23
829,829,76,2025-03-29 14:59:30
830,830,154,2025-06-03 10:02:58
831,831,782,2025-04-12 08:03:13
832,832,60,2025-03-09 10:29:26
833,833,872,2025-02-19 07:29:15
834,834,232,2025-03-09 09:59:24
835,835,821,2025-01-15 14:01:17
836,836,442,2025-02-19 00:21:17
837,837,16,2025-03-02 16:52:13
838,838,541,2025-02-02 23:25:48
839,839,135,2025-04-12 01:18:44
840,840,424,2025-04-16 06:34:14
841,841,814,2025-05-31 16:07:08
842,842,290,2025-01-23 02:52:24
843,843,804,2025-02-27 08:36:25
844,844,115,2025-01-07 10:55:29
845,845,974,2025-01-13 19:32:37
846,846,715,2025-01-05 08:05:50
847,847,921,2025-04-16 14:17:01
848,848,580,2025-06-09 06:18:32
849,849,797,2025-03-01 12:00:45
850,850,23,2025-05-02 16:32:39
851,851,269,2025-01-08 00:23:59
852,852,271,2025-03-20 14:10:38
853,853,775,2025-02-12 22:08:42
854,854,825,2025-04-30 12:38:50
855,855,836,2025-04-06 18:54:11
856,856,426,2025-05-29 19:49:31
857,857,869,2025-05-14 01:53:13
858,858,53,2025-06-07 17:46:40
859,859,907,2025-03-05 21:11:37
860,860,564,2025-03-07 15:05:19
861,861,728,2025-05-29 09:17:01
862,862,87,2025-01-08 20:46:23
863,863,718,2025-04-11 12:30:34
864,864,635,2025-01-01 13:28:14
865,865,521,2025-04-07 05:58:20
866,866,938,2025-03-18 13:13:06
867,867,114,2025-01-16 01:00:37
868,868,272,2025-01-06 12:52:12
869,869,49,2025-05-16 10:48:00
870,870,833,2025-03-02 08:43:30
871,871,803,2025-05-13 05:46:07
872,872,575,2025-01-01 10:36:51
873,873,870,2025-02-15 03:42:33
874,874,251,2025-01-18 07:04:19
875,875,289,2025-05-03 13:51:42
876,876,445,2025-01-23 09:12:26
877,877,587,2025-03-04 08:46:31
878,878,343,2025-01-21 07:39:16
879,879,279,2025-06-18 02:28:31
880,880,297,2025-05-19 15:31:29
881,881,589,2025-01-20 05:00:08
882,882,906,2025-05-13 10:05:30
883,883,370,2025-05-18 18:40:56
884,884,40,2025-01-07 03:58:51
885,885,849,2025-03-01 15:45:49
886,886,423,2025-01-27 07:19:38
887,887,21,2025-05-18 04:46:01
888,888,614,2025-01-10 08:00:41
889,889,706,2025-05-12 15:55:22
890,890,841,2025-06-18 23:54:58
891,891,880,2025-01-12 18:34:23
892,892,767,2025-01-29 01:25:19
893,893,350,2025-05-09 17:51:44
894,894,858,2025-05-06 20:14:28
895,895,940,2025-01-08 02:33:58
896,896,943,2025-04-01 15:56:11
897,897,523,2025-04-11 01:50:41
898,898,45,2025-06-08 04:46:13
899,899,433,2025-04-23 03:33:50
900,900,857,2025-01-30 04:23:16
901,901,144,2025-05-25 03:51:46
902,902,718,2025-06-05 00:11:09
903,903,977,2025-02-04 17:11:05
904,904,477,2025-01-12 09:44:13
905,905,278,2025-04-08 05:01:53
906,906,358,2025-03-24 20:37:15
907,907,417,2025-03-21 12:30:48
908,908,452,2025-01-21 19:06:36
909,909,618,2025-06-16 19:26:45
910,910,580,2025-04-05 23:11:42
911,911,235,2025-03-12 08:35:03
912,912,710,2025-05-14 15:27:33
913,913,643,2025-03-04 15:56:06
914,914,662,2025-04-23 12:55:01
915,915,569,2025-04-30 18:13:59
916,916,946,2025-02-21 23:51:23
917,917,863,2025-02-13 00:19:54
918,918,366,2025-01-20 02:36:10
919,919,595,2025-05-13 09:04:50
920,920,679,2025-04-10 15:25:56
921,921,51,2025-05-31 22:54:16
922,922,508,2025-04-05 10:17:47
923,923,274,2025-06-17 14:07:42
924,924,155,2025-05-25 01:38:47
925,925,632,2025-06-01 15:33:31
926,926,290,2025-05-06 21:20:49
927,927,90,2025-04-19 13:25:31
928,928,322,2025-01-12 11:56:16
929,929,156,2025-02-08 18:13:06
930,930,691,2025-05-14 03:52:19
931,931,643,2025-02-09 19:54:46
932,932,683,2025-03-02 05:01:48
933,933,26,2025-02-06 20:34:39
934,934,307,2025-04-27 08:03:26
935,935,645,2025-03-23 12:42:09
936,936,377,2025-05-14 23:08:19
937,937,475,2025-03-11 11:22:38
938,938,962,2025-04-18 22:26:02
939,939,890,2025-05-19 13:55:40
940,940,676,2025-04-30 00:46:53
941,941,463,2025-03-28 23:24:37
942,942,939,2025-05-04 18:59:16
943,943,451,2025-04-20 08:21:53
944,944,193,2025-02-02 17:16:38
945,945,333,2025-04-18 14:09:39
946,946,878,2025-01-21 14:47:01
947,947,205,2025-01-11 07:31:30
948,948,700,2025-01-13 03:57:21
949,949,789,2025-02-17 05:20:19
950,950,652,2025-02-05 23:43:33
951,951,556,2025-01-31 20:00:39
952,952,304,2025-05-16 06:58:56
953,953,475,2025-03-27 11:40:30
954,954,425,2025-04-13 08:04:01
955,955,780,2025-01-04 10:45:43
956,956,409,2025-04-27 17:49:32
957,957,629,2025-01-12 12:25:28
958,958,97,2025-03-15 22:02:01
959,959,909,2025-01-25 10:54:35
960,960,624,2025-03-15 03:04:39
961,961,835,2025-04-26 13:43:10
962,962,363,2025-04-25 21:08:06
963,963,209,2025-01-22 01:37:34
964,964,55,2025-06-11 14:01:53
965,965,108,2025-01-08 11:07:29
966,966,410,2025-06-01 20:44:01
967,967,970,2025-06-04 11:46:43
968,968,887,2025-06-05 03:53:08
969,969,1000,2025-04-13 00:55:46
970,970,302,2025-05-15 01:04:38
971,971,517,2025-06-02 11:58:05
972,972,152,2025-06-19 02:13:32
973,973,547,2025-05-11 23:01:47
974,974,655,2025-01-08 04:47:38
975,975,420,2025-05-13 20:25:54
976,976,136,2025-03-05 17:39:25
977,977,490,2025-01-01 11:38:35
978,978,310,2025-04-10 04:09:43
979,979,698,2025-02-20 01:04:43
980,980,739,2025-06-02 23:36:54
981,981,394,2025-02-27 16:24:54
982,982,921,2025-05-16 13:37:04
983,983,541,2025-03-16 16:25:46
984,984,337,2025-01-16 12:44:46
985,985,606,2025-01-14 19:58:38
986,986,938,2025-05-14 04:41:26
987,987,24,2025-04-06 11:06:30
988,988,147,2025-02-19 22:31:29
989,989,999,2025-02-04 05:42:29
990,990,811,2025-01-19 01:11:46
991,991,995,2025-04-02 06:13:47
992,992,712,2025-01-20 09:57:27
993,993,406,2025-03-21 09:58:31
994,994,142,2025-03-17 22:10:00
995,995,633,2025-06-10 13:24:42
996,996,835,2025-03-10 03:05:20
997,997,466,2025-01-09 07:14:32
998,998,990,2025-02-26 20:14:31
999,999,407,2025-05-07 11:10:13
1000,1000,96,2025-03-23 07:50:13
1001,1001,133,2025-01-28 19:07:24
1002,1002,786,2025-01-15 07:55:52
1003,1003,409,2025-04-17 00:19:56
1004,1004,406,2025-04-09 05:33:25
1005,1005,150,2025-03-23 02:00:32
1006,1006,797,2025-02-13 11:41:45
1007,1007,746,2025-03-13 19:29:04
1008,1008,563,2025-05-22 20:26:27
1009,1009,418,2025-02-20 23:25:31
1010,1010,455,2025-06-06 17:23:46
1011,1011,18,2025-06-09 17:57:13
1012,1012,796,2025-01-19 12:47:48
1013,1013,204,2025-01-12 19:59:53
1014,1014,325,2025-05-01 06:38:17
1015,1015,621,2025-02-05 00:02:08
1016,1016,544,2025-01-26 03:53:03
1017,1017,140,2025-02-04 04:25:54
1018,1018,286,2025-06-19 18:34:13
1019,1019,837,2025-04-04 04:54:07
1020,1020,973,2025-05-02 11:32:42
1021,1021,419,2025-03-06 11:59:04
1022,1022,907,2025-05-07 01:40:00
1023,1023,571,2025-05-25 08:31:54
1024,1024,618,2025-04-11 09:34:30
1025,1025,949,2025-01-12 22:09:43
1026,1026,656,2025-01-28 11:22:37
1027,1027,814,2025-01-07 07:27:18
1028,1028,701,2025-02-22 15:56:31
1029,1029,432,2025-02-15 22:07:25
1030,1030,504,2025-01-18 14:31:33
1031,1031,676,2025-01-07 16:50:20
1032,1032,57,2025-03-23 02:10:02
1033,1033,137,2025-03-15 09:52:23
1034,1034,415,2025-03-21 02:53:52
1035,1035,388,2025-04-04 03:13:25
1036,1036,397,2025-05-01 23:59:49
1037,1037,171,2025-01-28 12:05:20
1038,1038,869,2025-06-07 02:22:05
1039,1039,519,2025-02-09 23:20:44
1040,1040,773,2025-03-14 06:18:15
1041,1041,512,2025-03-18 02:30:53
1042,1042,851,2025-05-06 08:15:08
1043,1043,710,2025-05-25 16:45:17
1044,1044,312,2025-02-18 15:21:50
1045,1045,55,2025-04-29 08:06:39
1046,1046,171,2025-03-21 10:14:58
1047,1047,74,2025-05-26 03:49:08
1048,1048,928,2025-04-03 17:19:09
1049,1049,382,2025-03-22 00:10:13
1050,1050,851,2025-02-19 04:11:20
1051,1051,967,2025-06-09 11:39:46
1052,1052,519,2025-02-19 08:03:48
1053,1053,984,2025-03-27 04:48:13
1054,1054,145,2025-02-10 23:03:16
1055,1055,221,2025-01-13 22:18:10
1056,1056,98,2025-01-12 08:13:18
1057,1057,744,2025-04-12 10:46:08
1058,1058,970,2025-01-11 02:30:48
1059,1059,161,2025-02-09 10:11:06
1060,1060,340,2025-02-11 23:03:18
1061,1061,161,2025-03-19 11:00:51
1062,1062,290,2025-03-05 04:33:25
1063,1063,193,2025-03-31 14:23:28
1064,1064,994,2025-01-18 23:11:32
1065,1065,217,2025-01-18 10:25:25
1066,1066,358,2025-03-30 19:43:57
1067,1067,165,2025-01-02 07:48:19
1068,1068,359,2025-06-19 18:22:58
1069,1069,857,2025-03-22 21:48:28
1070,1070,770,2025-01-10 01:09:23
1071,1071,409,2025-01-27 00:08:54
1072,1072,861,2025-03-24 15:16:33
1073,1073,44,2025-01-30 23:09:49
1074,1074,10,2025-01-27 08:36:15
1075,1075,543,2025-06-19 14:22:24
1076,1076,338,2025-06-16 15:19:31
1077,1077,773,2025-06-05 15:49:20
1078,1078,867,2025-04-08 09:39:34
1079,1079,545,2025-03-08 13:29:31
1080,1080,867,2025-04-11 22:41:36
1081,1081,644,2025-06-19 10:32:11
1082,1082,326,2025-01-22 10:22:50
1083,1083,624,2025-04-14 22:11:04
1084,1084,409,2025-02-12 09:46:34
1085,1085,909,2025-06-17 00:00:24
1086,1086,74,2025-04-17 07:42:47
1087,1087,473,2025-06-02 18:19:07
1088,1088,194,2025-05-06 09:40:06
1089,1089,120,2025-06-14 22:52:33
1090,1090,380,2025-02-24 11:04:14
1091,1091,988,2025-02-23 07:06:12
1092,1092,879,2025-05-22 14:43:57
1093,1093,67,2025-04-04 23:29:24
1094,1094,357,2025-02-05 22:38:47
1095,1095,801,2025-03-12 12:26:49
1096,1096,163,2025-01-15 13:19:22
1097,1097,18,2025-03-06 01:14:12
1098,1098,650,2025-02-17 23:32:30
1099,1099,378,2025-04-04 13:45:32
1100,1100,939,2025-05-24 06:01:44
1101,1101,759,2025-03-21 19:22:52
1102,1102,928,2025-04-01 17:59:57
1103,1103,243,2025-03-12 16:53:56
1104,1104,348,2025-05-25 02:51:04
1105,1105,213,2025-03-13 23:58:32
1106,1106,795,2025-03-29 14:22:55
1107,1107,99,2025-06-14 20:51:30
1108,1108,202,2025-01-27 00:43:21
1109,1109,746,2025-01-31 09:22:38
1110,1110,131,2025-02-11 22:44:11
1111,1111,537,2025-01-04 03:37:08
1112,1112,288,2025-02-18 02:12:42
1113,1113,390,2025-03-02 06:57:13
1114,1114,950,2025-05-28 14:01:23
1115,1115,433,2025-04-23 13:47:11
1116,1116,27,2025-02-28 14:34:58
1117,1117,347,2025-04-24 02:55:59
1118,1118,637,2025-05-13 02:04:00
1119,1119,993,2025-05-01 10:49:23
1120,1120,859,2025-05-01 19:54:56
1121,1121,648,2025-05-13 05:06:44
1122,1122,245,2025-03-07 09:27:30
1123,1123,305,2025-01-26 22:44:51
1124,1124,689,2025-02-22 06:45:14
1125,1125,162,2025-05-18 22:44:13
1126,1126,258,2025-02-11 05:41:21
1127,1127,163,2025-02-14 01:45:41
1128,1128,139,2025-02-05 14:47:35
1129,1129,753,2025-03-26 15:13:08
1130,1130,745,2025-03-31 07:26:54
1131,1131,738,2025-03-07 00:09:33
1132,1132,136,2025-04-04 16:06:57
1133,1133,16,2025-01-09 14:06:08
1134,1134,629,2025-02-08 15:15:51
1135,1135,97,2025-02-18 15:50:49
1136,1136,914,2025-05-12 19:58:02
1137,1137,160,2025-01-02 18:02:12
1138,1138,953,2025-04-11 12:48:52
1139,1139,909,2025-03-21 09:17:57
1140,1140,602,2025-01-17 15:39:53
1141,1141,287,2025-03-14 23:30:45
1142,1142,948,2025-06-04 18:03:11
1143,1143,274,2025-01-23 10:00:31
1144,1144,920,2025-04-01 14:28:40
1145,1145,772,2025-06-13 13:38:19
1146,1146,241,2025-01-30 15:14:21
1147,1147,752,2025-06-05 10:30:58
1148,1148,121,2025-03-09 11:07:24
1149,1149,821,2025-01-11 04:06:47
1150,1150,843,2025-02-01 07:13:50
1151,1151,293,2025-02-24 15:03:05
1152,1152,940,2025-03-02 11:29:33
1153,1153,725,2025-03-13 19:36:12
1154,1154,666,2025-06-18 08:58:47
1155,1155,827,2025-04-12 15:41:54
1156,1156,86,2025-05-05 18:25:22
1157,1157,297,2025-03-23 10:01:29
1158,1158,892,2025-06-05 19:23:50
1159,1159,41,2025-04-01 06:40:08
1160,1160,836,2025-05-11 00:35:04
1161,1161,935,2025-04-26 05:40:08
1162,1162,561,2025-02-26 20:33:36
1163,1163,958,2025-04-18 19:38:09
1164,1164,818,2025-04-22 22:05:29
1165,1165,507,2025-06-05 12:28:36
1166,1166,534,2025-02-02 12:56:46
1167,1167,237,2025-02-25 07:35:14
1168,1168,281,2025-01-15 04:40:53
1169,1169,721,2025-01-13 09:05:15
1170,1170,938,2025-05-16 12:10:50
1171,1171,829,2025-05-10 18:41:12
1172,1172,888,2025-03-27 15:49:04
1173,1173,211,2025-02-27 18:56:29
1174,1174,707,2025-05-15 21:22:36
1175,1175,873,2025-03-16 03:29:51
1176,1176,660,2025-05-04 12:45:02
1177,1177,486,2025-01-25 16:03:34
1178,1178,906,2025-06-11 00:51:22
1179,1179,864,2025-05-29 21:37:42
1180,1180,503,2025-04-18 08:59:10
1181,1181,615,2025-03-18 01:04:45
1182,1182,790,2025-01-03 05:20:43
1183,1183,567,2025-01-22 14:18:02
1184,1184,164,2025-05-20 12:45:11
1185,1185,715,2025-04-19 09:00:32
1186,1186,904,2025-01-03 07:24:03
1187,1187,321,2025-05-26 01:01:03
1188,1188,56,2025-01-21 05:14:07
1189,1189,784,2025-05-15 21:46:14
1190,1190,162,2025-01-06 09:54:57
1191,1191,108,2025-05-09 00:44:52
1192,1192,960,2025-01-13 04:51:55
1193,1193,127,2025-04-26 19:42:19
1194,1194,447,2025-01-24 05:48:41
1195,1195,962,2025-04-08 11:51:05
1196,1196,553,2025-03-26 23:28:32
1197,1197,160,2025-06-05 02:25:40
1198,1198,243,2025-04-04 09:18:24
1199,1199,104,2025-01-02 19:12:25
1200,1200,232,2025-04-14 14:49:20
1201,1201,513,2025-05-01 16:12:14
1202,1202,647,2025-03-30 11:32:10
1203,1203,972,2025-03-24 01:14:05
1204,1204,589,2025-05-12 10:57:25
1205,1205,896,2025-03-11 11:05:11
1206,1206,707,2025-04-01 02:32:52
1207,1207,932,2025-05-05 00:33:40
1208,1208,773,2025-01-14 11:08:33
1209,1209,539,2025-02-08 23:17:25
1210,1210,92,2025-06-16 02:07:36
1211,1211,524,2025-02-12 02:33:51
1212,1212,121,2025-01-06 10:07:11
1213,1213,678,2025-06-04 17:04:30
1214,1214,25,2025-05-25 03:51:53
1215,1215,993,2025-05-27 08:05:16
1216,1216,53,2025-01-29 21:31:09
1217,1217,833,2025-06-11 13:04:29
1218,1218,707,2025-04-02 13:31:42
1219,1219,590,2025-02-07 22:44:09
1220,1220,402,2025-03-11 22:11:10
1221,1221,164,2025-01-04 23:30:50
1222,1222,892,2025-05-10 06:47:43
1223,1223,328,2025-05-30 17:00:52
1224,1224,176,2025-02-19 12:19:00
1225,1225,428,2025-04-18 08:09:54
1226,1226,362,2025-03-16 08:45:08
1227,1227,484,2025-04-21 04:32:58
1228,1228,541,2025-05-17 18:22:39
1229,1229,800,2025-04-24 11:13:29
1230,1230,641,2025-05-30 19:06:03
1231,1231,782,2025-05-27 19:53:40
1232,1232,834,2025-05-27 18:08:11
1233,1233,455,2025-01-17 04:14:17
1234,1234,840,2025-06-08 20:46:38
1235,1235,232,2025-05-02 18:33:53
1236,1236,705,2025-05-13 16:52:10
1237,1237,350,2025-05-10 23:22:23
1238,1238,380,2025-05-16 16:37:58
1239,1239,526,2025-02-28 04:54:35
1240,1240,494,2025-02-05 13:38:59
1241,1241,472,2025-05-12 02:47:53
1242,1242,299,2025-04-15 11:14:02
1243,1243,804,2025-03-07 01:09:02
1244,1244,976,2025-04-19 19:31:16
1245,1245,901,2025-01-09 02:32:01
1246,1246,365,2025-04-14 22:49:02
1247,1247,897,2025-01-15 17:45:07
1248,1248,140,2025-05-08 14:18:06
1249,1249,437,2025-03-02 04:55:42
1250,1250,228,2025-02-22 14:23:46
1251,1251,795,2025-04-09 12:13:06
1252,1252,729,2025-03-30 10:04:33
1253,1253,317,2025-01-10 02:38:59
1254,1254,524,2025-02-15 14:13:39
1255,1255,545,2025-06-01 00:46:22
1256,1256,983,2025-06-12 16:07:30
1257,1257,555,2025-02-08 12:26:00
1258,1258,157,2025-04-11 01:53:34
1259,1259,210,2025-02-12 10:27:50
1260,1260,776,2025-05-19 02:43:52
1261,1261,785,2025-06-11 17:00:39
1262,1262,515,2025-05-05 14:17:34
1263,1263,853,2025-03-16 16:31:36
1264,1264,651,2025-06-18 22:40:22
1265,1265,162,2025-01-03 05:40:44
1266,1266,332,2025-05-10 12:46:59
1267,1267,328,2025-05-11 09:32:45
1268,1268,312,2025-04-11 07:22:26
1269,1269,775,2025-02-22 12:01:31
1270,1270,200,2025-02-27 11:15:39
1271,1271,141,2025-01-16 21:43:11
1272,1272,664,2025-01-10 22:48:47
1273,1273,339,2025-02-06 04:56:36
1274,1274,217,2025-05-28 17:10:40
1275,1275,344,2025-04-26 05:22:50
1276,1276,129,2025-03-31 14:34:08
1277,1277,79,2025-04-08 20:37:32
1278,1278,930,2025-01-14 10:44:47
1279,1279,487,2025-02-22 07:45:59
1280,1280,549,2025-04-24 13:16:08
1281,1281,705,2025-04-06 18:34:48
1282,1282,580,2025-04-11 09:12:43
1283,1283,785,2025-03-18 10:29:47
1284,1284,201,2025-05-10 22:00:11
1285,1285,576,2025-05-16 21:50:51
1286,1286,35,2025-04-16 05:15:55
1287,1287,349,2025-03-01 03:31:09
1288,1288,57,2025-06-10 14:57:57
1289,1289,265,2025-02-07 01:20:05
1290,1290,267,2025-02-08 22:42:19
1291,1291,354,2025-04-04 04:08:02
1292,1292,384,2025-04-09 20:50:09
1293,1293,245,2025-03-26 09:28:04
1294,1294,577,2025-02-25 17:28:45
1295,1295,763,2025-02-25 02:37:26
1296,1296,549,2025-03-07 16:13:30
1297,1297,201,2025-02-07 19:19:42
1298,1298,533,2025-04-07 08:25:43
1299,1299,995,2025-05-17 21:57:51
1300,1300,493,2025-06-17 18:38:19
1301,1301,172,2025-06-07 10:22:22
1302,1302,17,2025-03-25 21:44:42
1303,1303,278,2025-05-27 00:57:52
1304,1304,461,2025-02-19 15:08:03
1305,1305,416,2025-03-28 22:33:35
1306,1306,494,2025-02-20 19:28:50
1307,1307,455,2025-03-13 13:01:55
1308,1308,398,2025-06-11 21:08:07
1309,1309,947,2025-04-19 17:02:30
1310,1310,397,2025-02-04 05:26:59
1311,1311,735,2025-01-06 15:05:36
1312,1312,55,2025-03-11 02:24:08
1313,1313,555,2025-01-23 03:06:55
1314,1314,141,2025-05-16 13:08:10
1315,1315,563,2025-01-04 08:57:15
1316,1316,569,2025-01-13 07:12:33
1317,1317,517,2025-02-27 22:56:48
1318,1318,316,2025-02-18 17:14:57
1319,1319,338,2025-06-06 13:22:21
1320,1320,733,2025-02-15 15:40:20
1321,1321,723,2025-01-12 10:05:36
1322,1322,857,2025-06-10 03:36:02
1323,1323,522,2025-03-07 18:20:04
1324,1324,467,2025-03-23 13:45:23
1325,1325,90,2025-04-28 05:57:29
1326,1326,750,2025-05-09 14:05:56
1327,1327,691,2025-05-27 04:04:57
1328,1328,142,2025-04-27 00:20:07
1329,1329,66,2025-01-07 15:39:30
1330,1330,650,2025-04-09 00:06:29
1331,1331,493,2025-03-04 17:35:09
1332,1332,330,2025-03-06 21:28:22
1333,1333,222,2025-03-28 17:54:52
1334,1334,83,2025-05-03 08:21:21
1335,1335,710,2025-06-14 03:09:02
1336,1336,872,2025-02-01 04:35:13
1337,1337,851,2025-03-18 08:50:03
1338,1338,230,2025-04-14 15:15:23
1339,1339,743,2025-05-04 06:24:39
1340,1340,943,2025-02-07 02:16:21
1341,1341,409,2025-01-30 21:43:00
1342,1342,578,2025-02-15 15:38:49
1343,1343,378,2025-05-02 14:41:32
1344,1344,628,2025-02-14 06:10:08
1345,1345,204,2025-03-04 02:28:10
1346,1346,115,2025-02-14 19:15:03
1347,1347,390,2025-02-03 01:05:02
1348,1348,805,2025-03-11 23:13:25
1349,1349,778,2025-01-30 23:51:56
1350,1350,736,2025-04-16 22:19:12
1351,1351,149,2025-06-01 16:07:34
1352,1352,415,2025-05-12 22:44:26
1353,1353,141,2025-01-30 11:15:23
1354,1354,107,2025-05-11 17:57:00
1355,1355,682,2025-02-03 20:01:42
1356,1356,680,2025-04-02 03:38:47
1357,1357,45,2025-06-06 00:02:36
1358,1358,502,2025-05-28 09:37:56
1359,1359,871,2025-03-22 02:21:04
1360,1360,312,2025-04-08 12:30:34
1361,1361,738,2025-03-07 19:58:28
1362,1362,930,2025-03-08 02:41:22
1363,1363,973,2025-03-23 05:21:19
1364,1364,94,2025-02-08 08:05:55
1365,1365,273,2025-05-10 18:27:12
1366,1366,819,2025-02-04 03:21:14
1367,1367,987,2025-03-18 03:37:29
1368,1368,279,2025-04-23 04:29:17
1369,1369,235,2025-05-16 04:35:27
1370,1370,13,2025-04-30 21:24:42
1371,1371,660,2025-01-31 06:17:20
1372,1372,848,2025-06-07 13:12:29
1373,1373,134,2025-03-02 15:19:35
1374,1374,25,2025-06-06 05:35:27
1375,1375,834,2025-05-11 08:57:58
1376,1376,406,2025-02-09 22:10:31
1377,1377,93,2025-03-14 05:56:31
1378,1378,294,2025-04-22 14:20:29
1379,1379,954,2025-06-12 17:47:07
1380,1380,303,2025-04-23 00:53:54
1381,1381,374,2025-01-17 19:01:55
1382,1382,155,2025-05-30 01:39:51
1383,1383,615,2025-02-12 05:21:59
1384,1384,817,2025-04-29 22:15:16
1385,1385,898,2025-01-22 14:33:26
1386,1386,621,2025-04-20 04:29:37
1387,1387,401,2025-03-13 00:57:31
1388,1388,963,2025-05-28 22:28:18
1389,1389,323,2025-04-16 19:50:57
1390,1390,370,2025-05-30 04:53:11
1391,1391,734,2025-05-26 04:31:08
1392,1392,482,2025-06-05 19:56:10
1393,1393,329,2025-02-02 07:03:29
1394,1394,287,2025-03-03 20:19:00
1395,1395,963,2025-03-12 16:34:29
1396,1396,219,2025-03-06 19:41:16
1397,1397,228,2025-01-31 06:23:15
1398,1398,80,2025-01-10 23:15:09
1399,1399,619,2025-06-09 22:56:27
1400,1400,824,2025-06-07 04:46:24
1401,1401,637,2025-03-08 09:52:15
1402,1402,880,2025-01-19 17:20:40
1403,1403,500,2025-02-27 06:47:31
1404,1404,109,2025-05-27 10:29:34
1405,1405,840,2025-03-11 12:24:00
1406,1406,135,2025-06-17 10:27:46
1407,1407,709,2025-04-23 18:13:12
1408,1408,881,2025-06-13 04:35:05
1409,1409,381,2025-02-18 05:27:07
1410,1410,242,2025-05-04 05:27:23
1411,1411,242,2025-05-11 13:44:26
1412,1412,848,2025-04-12 14:40:54
1413,1413,258,2025-01-27 07:13:30
1414,1414,918,2025-03-10 22:02:43
1415,1415,293,2025-03-23 04:28:46
1416,1416,814,2025-03-05 02:22:45
1417,1417,604,2025-03-21 12:03:55
1418,1418,965,2025-05-06 03:40:44
1419,1419,471,2025-05-10 03:00:35
1420,1420,178,2025-02-06 09:14:39
1421,1421,647,2025-04-06 14:34:45
1422,1422,452,2025-01-06 18:15:03
1423,1423,872,2025-01-07 22:25:45
1424,1424,640,2025-03-05 10:37:25
1425,1425,488,2025-03-06 03:02:39
1426,1426,39,2025-04-19 06:45:25
1427,1427,104,2025-03-29 23:59:59
1428,1428,35,2025-05-10 03:18:02
1429,1429,778,2025-04-14 22:22:38
1430,1430,56,2025-04-02 06:21:31
1431,1431,774,2025-01-31 09:48:35
1432,1432,220,2025-01-19 00:02:27
1433,1433,820,2025-01-02 08:13:55
1434,1434,658,2025-03-29 03:25:45
1435,1435,319,2025-05-21 19:24:59
1436,1436,241,2025-01-12 09:45:31
1437,1437,311,2025-06-09 02:08:05
1438,1438,318,2025-03-12 20:54:10
1439,1439,624,2025-06-16 03:03:23
1440,1440,624,2025-05-15 00:57:02
1441,1441,518,2025-01-30 04:35:58
1442,1442,383,2025-03-07 06:52:09
1443,1443,766,2025-05-29 23:23:45
1444,1444,738,2025-02-26 14:07:25
1445,1445,565,2025-03-26 17:45:30
1446,1446,727,2025-03-01 13:07:40
1447,1447,374,2025-05-28 10:24:51
1448,1448,843,2025-03-28 14:16:52
1449,1449,574,2025-03-09 05:51:15
1450,1450,744,2025-05-10 13:28:18
1451,1451,433,2025-01-04 07:17:44
1452,1452,651,2025-04-09 06:20:23
1453,1453,80,2025-06-18 08:22:32
1454,1454,761,2025-01-23 04:47:44
1455,1455,553,2025-05-10 01:01:12
1456,1456,546,2025-02-07 04:05:03
1457,1457,528,2025-04-16 09:47:58
1458,1458,104,2025-06-17 08:32:18
1459,1459,867,2025-06-08 04:46:06
1460,1460,964,2025-03-28 03:32:47
1461,1461,497,2025-05-26 09:04:04
1462,1462,534,2025-01-25 10:59:19
1463,1463,423,2025-06-10 02:55:58
1464,1464,64,2025-02-08 15:59:23
1465,1465,980,2025-03-19 21:27:45
1466,1466,737,2025-06-01 05:02:16
1467,1467,962,2025-04-17 11:24:57
1468,1468,838,2025-02-07 19:15:34
1469,1469,913,2025-02-15 21:49:26
1470,1470,143,2025-05-17 23:00:54
1471,1471,128,2025-05-07 07:51:07
1472,1472,385,2025-06-15 23:11:17
1473,1473,596,2025-04-30 02:36:16
1474,1474,614,2025-04-08 17:44:27
1475,1475,167,2025-05-25 04:15:22
1476,1476,521,2025-03-18 22:00:42
1477,1477,631,2025-03-29 02:42:28
1478,1478,271,2025-04-07 00:20:10
1479,1479,232,2025-03-28 19:18:50
1480,1480,477,2025-02-08 00:14:12
1481,1481,457,2025-02-21 22:24:01
1482,1482,950,2025-02-26 08:58:07
1483,1483,234,2025-05-04 14:22:37
1484,1484,537,2025-02-23 08:49:47
1485,1485,140,2025-03-31 09:41:30
1486,1486,512,2025-04-25 12:32:14
1487,1487,934,2025-05-19 19:32:25
1488,1488,305,2025-06-04 22:56:28
1489,1489,607,2025-04-17 01:42:02
1490,1490,898,2025-03-02 10:05:20
1491,1491,56,2025-04-17 10:42:54
1492,1492,985,2025-01-23 05:43:34
1493,1493,951,2025-01-22 09:43:36
1494,1494,225,2025-05-31 00:41:48
1495,1495,229,2025-03-20 16:49:58
1496,1496,130,2025-06-04 11:44:31
1497,1497,174,2025-01-07 06:19:06
1498,1498,181,2025-06-05 03:28:06
1499,1499,200,2025-05-15 14:33:27
1500,1500,244,2025-01-19 11:49:31
1501,1501,901,2025-03-17 17:44:39
1502,1502,626,2025-01-09 02:48:43
1503,1503,339,2025-03-03 05:57:47
1504,1504,280,2025-01-28 14:27:13
1505,1505,580,2025-05-13 13:01:40
1506,1506,51,2025-05-24 04:38:44
1507,1507,961,2025-06-16 00:31:59
1508,1508,910,2025-01-11 21:21:29
1509,1509,459,2025-05-05 11:28:17
1510,1510,24,2025-06-16 12:13:54
1511,1511,306,2025-06-01 22:25:08
1512,1512,471,2025-05-20 09:47:30
1513,1513,221,2025-01-28 21:33:29
1514,1514,712,2025-05-28 22:30:10
1515,1515,130,2025-01-13 00:00:24
1516,1516,329,2025-01-27 02:56:42
1517,1517,759,2025-02-02 19:11:04
1518,1518,974,2025-03-17 00:33:54
1519,1519,909,2025-05-07 05:40:58
1520,1520,765,2025-02-26 18:24:33
1521,1521,908,2025-01-02 17:45:59
1522,1522,934,2025-01-18 20:13:43
1523,1523,547,2025-04-07 00:56:34
1524,1524,233,2025-02-18 10:56:19
1525,1525,826,2025-05-19 15:31:52
1526,1526,415,2025-03-29 08:58:46
1527,1527,578,2025-04-24 08:28:01
1528,1528,484,2025-04-18 10:55:34
1529,1529,327,2025-06-08 08:16:22
1530,1530,480,2025-01-23 15:44:24
1531,1531,492,2025-06-14 13:42:08
1532,1532,750,2025-05-23 20:51:14
1533,1533,889,2025-02-02 07:38:14
1534,1534,518,2025-05-09 09:02:32
1535,1535,271,2025-01-22 03:19:08
1536,1536,16,2025-01-13 01:39:18
1537,1537,480,2025-02-19 19:25:20
1538,1538,28,2025-05-31 20:09:35
1539,1539,236,2025-05-04 06:31:59
1540,1540,422,2025-04-20 13:58:36
1541,1541,404,2025-04-30 21:15:40
1542,1542,430,2025-06-18 09:32:24
1543,1543,890,2025-03-13 19:16:04
1544,1544,790,2025-03-14 00:33:56
1545,1545,371,2025-02-19 15:49:33
1546,1546,421,2025-04-20 16:24:01
1547,1547,22,2025-05-15 05:56:27
1548,1548,13,2025-05-14 21:47:03
1549,1549,698,2025-01-04 00:44:04
1550,1550,1000,2025-02-10 04:49:32
1551,1551,470,2025-04-18 05:43:11
1552,1552,396,2025-06-16 07:24:16
1553,1553,995,2025-03-16 11:39:24
1554,1554,744,2025-02-07 03:58:39
1555,1555,152,2025-02-14 18:11:26
1556,1556,175,2025-05-09 16:25:05
1557,1557,885,2025-06-11 05:41:56
1558,1558,572,2025-01-04 14:16:20
1559,1559,882,2025-06-18 19:31:55
1560,1560,168,2025-02-06 21:15:34
1561,1561,133,2025-02-13 02:26:13
1562,1562,896,2025-05-11 06:14:14
1563,1563,1000,2025-06-15 16:49:18
1564,1564,195,2025-02-24 17:54:53
1565,1565,816,2025-01-08 16:43:26
1566,1566,713,2025-05-18 03:46:34
1567,1567,670,2025-04-27 05:20:08
1568,1568,561,2025-03-08 08:53:15
1569,1569,140,2025-01-16 23:32:52
1570,1570,133,2025-04-16 02:07:52
1571,1571,604,2025-02-23 10:04:01
1572,1572,858,2025-01-21 04:19:04
1573,1573,960,2025-02-10 01:09:39
1574,1574,227,2025-02-17 22:48:03
1575,1575,889,2025-03-20 14:29:41
1576,1576,886,2025-06-19 11:31:00
1577,1577,525,2025-04-04 07:21:08
1578,1578,435,2025-01-29 20:46:03
1579,1579,895,2025-03-13 19:46:02
1580,1580,991,2025-01-22 01:17:57
1581,1581,560,2025-03-06 08:39:52
1582,1582,178,2025-01-12 07:43:43
1583,1583,502,2025-03-12 06:40:42
1584,1584,578,2025-05-31 13:04:22
1585,1585,819,2025-05-14 21:01:30
1586,1586,277,2025-06-03 00:49:16
1587,1587,790,2025-04-09 00:36:55
1588,1588,460,2025-04-18 10:09:27
1589,1589,146,2025-05-27 03:20:01
1590,1590,446,2025-02-22 12:09:13
1591,1591,277,2025-04-10 16:18:35
1592,1592,735,2025-02-12 00:28:28
1593,1593,819,2025-04-18 18:53:00
1594,1594,230,2025-03-20 12:30:28
1595,1595,623,2025-02-06 19:26:30
1596,1596,220,2025-03-13 11:44:37
1597,1597,212,2025-03-04 00:08:02
1598,1598,880,2025-06-09 09:11:29
1599,1599,21,2025-02-19 23:43:53
1600,1600,938,2025-01-13 09:30:11
1601,1601,316,2025-02-19 22:52:31
1602,1602,749,2025-01-16 07:17:48
1603,1603,807,2025-03-27 07:38:48
1604,1604,378,2025-05-05 08:04:58
1605,1605,669,2025-05-30 17:36:28
1606,1606,610,2025-01-12 11:26:55
1607,1607,868,2025-01-30 11:26:56
1608,1608,451,2025-06-16 06:44:03
1609,1609,593,2025-02-19 12:15:45
1610,1610,180,2025-05-01 03:26:49
1611,1611,688,2025-01-26 10:44:12
1612,1612,788,2025-02-24 07:51:38
1613,1613,47,2025-06-04 18:39:05
1614,1614,931,2025-01-26 10:22:49
1615,1615,421,2025-02-15 16:33:52
1616,1616,420,2025-02-06 23:11:03
1617,1617,685,2025-06-18 02:58:31
1618,1618,999,2025-01-16 20:16:58
1619,1619,416,2025-06-06 01:57:02
1620,1620,43,2025-02-09 05:59:33
1621,1621,918,2025-02-06 11:01:58
1622,1622,289,2025-06-13 05:20:09
1623,1623,566,2025-04-05 18:20:10
1624,1624,370,2025-01-07 11:31:53
1625,1625,247,2025-03-16 14:32:10
1626,1626,106,2025-03-10 21:28:30
1627,1627,196,2025-05-25 02:53:20
1628,1628,217,2025-01-29 12:14:08
1629,1629,268,2025-05-03 21:23:27
1630,1630,679,2025-05-30 12:50:12
1631,1631,946,2025-02-25 23:39:19
1632,1632,280,2025-04-12 22:32:14
1633,1633,220,2025-03-04 02:41:15
1634,1634,358,2025-05-16 06:49:53
1635,1635,543,2025-05-22 09:03:33
1636,1636,840,2025-04-05 19:33:07
1637,1637,754,2025-06-09 14:08:35
1638,1638,293,2025-02-09 09:02:01
1639,1639,602,2025-01-12 17:47:43
1640,1640,909,2025-04-05 23:18:05
1641,1641,585,2025-06-07 22:27:23
1642,1642,103,2025-04-20 16:54:18
1643,1643,125,2025-04-13 11:12:30
1644,1644,999,2025-04-29 14:17:06
1645,1645,543,2025-03-29 23:37:12
1646,1646,683,2025-01-24 16:45:58
1647,1647,326,2025-06-05 02:34:58
1648,1648,890,2025-05-04 19:55:10
1649,1649,827,2025-03-19 19:29:16
1650,1650,453,2025-06-09 15:29:03
1651,1651,369,2025-04-27 12:39:08
1652,1652,110,2025-05-28 22:54:41
1653,1653,167,2025-05-10 16:02:02
1654,1654,1000,2025-03-20 21:57:35
1655,1655,277,2025-05-16 05:31:10
1656,1656,195,2025-06-17 07:50:29
1657,1657,131,2025-05-08 14:55:43
1658,1658,39,2025-02-04 20:48:52
1659,1659,903,2025-05-10 10:23:18
1660,1660,408,2025-05-06 02:28:42
1661,1661,777,2025-01-19 05:49:25
1662,1662,250,2025-06-11 07:07:48
1663,1663,488,2025-02-18 01:43:55
1664,1664,580,2025-01-11 09:43:10
1665,1665,708,2025-03-21 09:23:49
1666,1666,100,2025-03-18 07:19:25
1667,1667,495,2025-02-26 04:58:40
1668,1668,785,2025-05-29 16:36:13
1669,1669,734,2025-05-06 17:57:55
1670,1670,29,2025-01-21 16:06:21
1671,1671,324,2025-01-24 23:39:28
1672,1672,582,2025-03-03 23:31:49
1673,1673,737,2025-01-13 08:49:15
1674,1674,753,2025-02-13 08:45:43
1675,1675,970,2025-05-12 11:22:19
1676,1676,240,2025-05-09 03:04:22
1677,1677,818,2025-02-08 17:03:48
1678,1678,395,2025-03-29 00:56:24
1679,1679,268,2025-03-14 12:52:42
1680,1680,650,2025-01-06 15:43:12
1681,1681,982,2025-06-08 06:13:45
1682,1682,551,2025-02-25 23:15:38
1683,1683,107,2025-06-11 07:43:41
1684,1684,95,2025-05-17 10:35:12
1685,1685,715,2025-01-21 21:44:46
1686,1686,430,2025-03-22 03:10:01
1687,1687,754,2025-05-03 10:47:26
1688,1688,356,2025-03-24 16:13:21
1689,1689,603,2025-01-10 03:05:27
1690,1690,368,2025-04-18 16:53:08
1691,1691,957,2025-01-04 07:33:18
1692,1692,380,2025-03-31 19:35:41
1693,1693,765,2025-01-24 02:31:36
1694,1694,849,2025-05-14 09:34:43
1695,1695,575,2025-04-19 14:59:56
1696,1696,835,2025-01-24 00:02:24
1697,1697,650,2025-06-12 07:04:56
1698,1698,736,2025-05-27 20:51:26
1699,1699,391,2025-01-27 21:53:38
1700,1700,596,2025-01-03 14:55:31
1701,1701,964,2025-03-27 19:31:56
1702,1702,274,2025-01-30 20:47:09
1703,1703,180,2025-01-23 18:49:32
1704,1704,85,2025-05-28 04:30:52
1705,1705,647,2025-03-28 21:13:57
1706,1706,262,2025-06-14 15:40:52
1707,1707,521,2025-01-20 07:42:09
1708,1708,597,2025-01-17 06:46:47
1709,1709,782,2025-03-11 09:01:22
1710,1710,212,2025-01-20 05:06:02
1711,1711,953,2025-05-18 06:13:34
1712,1712,116,2025-04-28 05:34:02
1713,1713,223,2025-04-19 00:56:54
1714,1714,791,2025-05-05 09:11:16
1715,1715,883,2025-04-20 23:44:20
1716,1716,429,2025-01-12 14:54:17
1717,1717,208,2025-06-18 18:15:50
1718,1718,941,2025-06-01 20:27:17
1719,1719,715,2025-04-21 11:47:19
1720,1720,413,2025-02-09 04:11:46
1721,1721,354,2025-03-07 04:42:37
1722,1722,600,2025-03-10 00:20:44
1723,1723,518,2025-01-25 18:04:06
1724,1724,191,2025-06-08 14:01:01
1725,1725,510,2025-04-05 06:41:17
1726,1726,419,2025-04-04 03:29:14
1727,1727,482,2025-01-18 07:44:32
1728,1728,447,2025-05-18 07:41:47
1729,1729,542,2025-01-27 12:43:03
1730,1730,514,2025-02-08 09:01:39
1731,1731,497,2025-02-02 17:22:35
1732,1732,509,2025-02-21 16:21:01
1733,1733,384,2025-04-14 18:26:31
1734,1734,591,2025-01-06 19:56:13
1735,1735,224,2025-03-08 21:33:02
1736,1736,379,2025-01-07 22:59:07
1737,1737,817,2025-06-01 09:00:54
1738,1738,582,2025-04-02 11:01:16
1739,1739,445,2025-03-19 05:39:14
1740,1740,83,2025-06-17 21:43:14
1741,1741,223,2025-01-28 03:47:41
1742,1742,863,2025-05-29 03:53:39
1743,1743,804,2025-03-21 08:16:00
1744,1744,326,2025-01-22 01:05:43
1745,1745,101,2025-06-16 11:30:16
1746,1746,507,2025-01-10 18:28:26
1747,1747,273,2025-02-06 09:50:05
1748,1748,619,2025-01-19 00:01:29
1749,1749,84,2025-05-01 20:32:32
1750,1750,608,2025-03-19 20:06:17
1751,1751,364,2025-03-29 14:20:32
1752,1752,235,2025-01-18 07:43:11
1753,1753,803,2025-03-13 15:55:05
1754,1754,843,2025-03-04 21:27:18
1755,1755,578,2025-05-12 13:14:49
1756,1756,34,2025-06-02 14:40:59
1757,1757,992,2025-02-01 21:44:07
1758,1758,570,2025-04-29 04:26:23
1759,1759,678,2025-02-01 01:17:38
1760,1760,567,2025-01-07 15:40:23
1761,1761,828,2025-05-29 09:55:14
1762,1762,314,2025-02-13 21:00:43
1763,1763,193,2025-02-15 09:23:43
1764,1764,452,2025-02-16 20:13:54
1765,1765,815,2025-05-28 20:35:18
1766,1766,513,2025-06-05 01:19:36
1767,1767,885,2025-05-29 05:07:29
1768,1768,143,2025-06-19 16:30:17
1769,1769,206,2025-03-27 20:30:35
1770,1770,215,2025-01-25 15:11:54
1771,1771,632,2025-01-13 19:41:45
1772,1772,631,2025-02-15 03:47:52
1773,1773,23,2025-04-13 01:05:20
1774,1774,705,2025-04-01 08:12:39
1775,1775,840,2025-03-28 02:32:31
1776,1776,511,2025-06-11 05:44:44
1777,1777,879,2025-04-10 23:26:28
1778,1778,425,2025-01-20 06:03:39
1779,1779,127,2025-03-17 04:47:39
1780,1780,382,2025-04-08 03:30:03
1781,1781,896,2025-01-19 22:29:50
1782,1782,38,2025-01-20 02:14:30
1783,1783,43,2025-01-12 21:09:55
1784,1784,106,2025-01-19 03:22:10
1785,1785,86,2025-03-06 18:28:18
1786,1786,93,2025-05-08 11:37:31
1787,1787,239,2025-03-27 15:21:32
1788,1788,634,2025-02-22 17:35:09
1789,1789,118,2025-04-19 21:17:06
1790,1790,352,2025-02-10 06:51:08
1791,1791,325,2025-01-14 16:57:12
1792,1792,548,2025-02-13 18:46:46
1793,1793,1000,2025-01-06 18:49:07
1794,1794,10,2025-01-06 16:01:26
1795,1795,325,2025-01-25 15:11:04
1796,1796,299,2025-01-19 12:36:15
1797,1797,197,2025-06-16 04:15:11
1798,1798,777,2025-04-05 10:17:21
1799,1799,213,2025-05-17 10:46:36
1800,1800,432,2025-01-19 19:43:35
1801,1801,267,2025-05-12 16:24:35
1802,1802,521,2025-03-19 00:04:10
1803,1803,643,2025-01-12 09:34:18
1804,1804,170,2025-05-08 23:31:50
1805,1805,786,2025-02-25 22:55:27
1806,1806,86,2025-03-20 10:09:49
1807,1807,277,2025-03-05 06:39:38
1808,1808,609,2025-01-30 17:54:56
1809,1809,628,2025-01-30 04:49:57
1810,1810,23,2025-06-06 02:47:04
1811,1811,99,2025-05-18 11:50:41
1812,1812,12,2025-03-04 13:57:15
1813,1813,894,2025-06-03 11:53:58
1814,1814,753,2025-04-29 16:37:47
1815,1815,547,2025-01-14 13:21:21
1816,1816,983,2025-03-24 00:04:02
1817,1817,413,2025-04-29 04:38:19
1818,1818,109,2025-04-16 08:47:19
1819,1819,829,2025-06-02 13:57:20
1820,1820,966,2025-06-12 13:12:38
1821,1821,403,2025-06-14 03:44:01
1822,1822,805,2025-03-14 02:32:02
1823,1823,848,2025-05-21 13:05:13
1824,1824,939,2025-02-11 08:18:07
1825,1825,853,2025-04-08 07:29:28
1826,1826,266,2025-01-26 17:41:58
1827,1827,855,2025-04-03 19:53:16
1828,1828,481,2025-01-17 23:54:39
1829,1829,730,2025-05-09 22:52:26
1830,1830,630,2025-04-15 04:19:52
1831,1831,28,2025-02-02 14:58:34
1832,1832,329,2025-02-21 18:07:47
1833,1833,869,2025-01-14 01:38:59
1834,1834,653,2025-05-18 09:55:08
1835,1835,829,2025-05-05 05:23:46
1836,1836,684,2025-06-02 22:23:14
1837,1837,627,2025-01-11 22:50:23
1838,1838,594,2025-01-05 00:33:35
1839,1839,988,2025-02-04 00:20:04
1840,1840,101,2025-04-04 11:18:24
1841,1841,360,2025-01-31 02:49:44
1842,1842,937,2025-03-12 11:52:57
1843,1843,502,2025-03-25 06:33:22
1844,1844,239,2025-06-08 03:46:17
1845,1845,553,2025-01-21 11:01:03
1846,1846,687,2025-06-05 12:56:54
1847,1847,954,2025-03-02 02:42:09
1848,1848,37,2025-04-15 03:42:08
1849,1849,400,2025-04-18 03:35:01
1850,1850,475,2025-04-28 12:16:43
1851,1851,637,2025-03-09 20:07:05
1852,1852,971,2025-05-04 02:48:45
1853,1853,596,2025-04-26 13:26:24
1854,1854,400,2025-03-24 00:19:03
1855,1855,482,2025-05-26 10:25:58
1856,1856,692,2025-03-26 03:50:46
1857,1857,246,2025-04-12 04:20:43
1858,1858,406,2025-01-16 17:54:52
1859,1859,472,2025-03-23 15:42:26
1860,1860,195,2025-01-17 03:44:27
1861,1861,47,2025-05-12 13:35:20
1862,1862,608,2025-01-09 06:30:55
1863,1863,701,2025-02-27 06:46:22
1864,1864,413,2025-05-02 00:38:35
1865,1865,131,2025-05-07 11:44:20
1866,1866,56,2025-06-17 06:29:18
1867,1867,830,2025-03-12 00:14:22
1868,1868,195,2025-03-14 10:58:02
1869,1869,789,2025-01-22 02:35:35
1870,1870,208,2025-05-05 20:47:56
1871,1871,479,2025-02-11 04:31:35
1872,1872,195,2025-01-15 01:37:53
1873,1873,452,2025-04-07 17:47:51
1874,1874,322,2025-04-14 05:27:38
1875,1875,239,2025-04-10 23:18:40
1876,1876,700,2025-04-16 05:00:53
1877,1877,187,2025-06-14 13:14:59
1878,1878,68,2025-01-08 21:39:23
1879,1879,382,2025-01-02 19:13:43
1880,1880,531,2025-05-11 07:53:48
1881,1881,827,2025-01-31 18:16:43
1882,1882,406,2025-03-06 21:00:39
1883,1883,591,2025-02-28 16:29:55
1884,1884,589,2025-01-10 18:02:16
1885,1885,459,2025-05-06 06:52:29
1886,1886,172,2025-06-06 13:38:50
1887,1887,927,2025-04-15 05:15:32
1888,1888,283,2025-01-20 17:52:28
1889,1889,943,2025-04-28 23:58:08
1890,1890,381,2025-02-20 23:10:42
1891,1891,645,2025-03-07 08:13:43
1892,1892,490,2025-02-18 16:23:08
1893,1893,116,2025-01-05 01:40:18
1894,1894,690,2025-03-13 18:25:03
1895,1895,874,2025-02-09 06:25:53
1896,1896,780,2025-01-03 02:41:23
1897,1897,671,2025-04-17 14:13:38
1898,1898,382,2025-04-02 20:20:42
1899,1899,380,2025-06-10 13:46:57
1900,1900,946,2025-03-10 08:42:42
1901,1901,708,2025-04-29 16:55:17
1902,1902,464,2025-03-26 06:14:02
1903,1903,642,2025-01-03 18:55:08
1904,1904,210,2025-03-08 18:33:12
1905,1905,170,2025-01-20 11:41:40
1906,1906,796,2025-03-09 05:05:25
1907,1907,907,2025-05-04 22:22:37
1908,1908,510,2025-04-12 14:03:19
1909,1909,488,2025-05-17 00:51:13
1910,1910,17,2025-03-16 16:37:00
1911,1911,131,2025-04-16 05:43:10
1912,1912,128,2025-05-23 17:29:12
1913,1913,707,2025-01-23 00:39:20
1914,1914,353,2025-06-08 10:51:41
1915,1915,325,2025-04-10 04:51:13
1916,1916,704,2025-01-28 23:00:52
1917,1917,643,2025-04-22 01:56:59
1918,1918,108,2025-06-04 09:22:21
1919,1919,863,2025-01-24 16:30:26
1920,1920,998,2025-06-05 20:37:47
1921,1921,487,2025-03-12 06:11:11
1922,1922,702,2025-01-13 10:06:46
1923,1923,521,2025-02-27 01:47:23
1924,1924,220,2025-04-02 12:30:10
1925,1925,650,2025-05-20 06:58:28
1926,1926,837,2025-04-03 01:13:54
1927,1927,197,2025-02-18 16:14:32
1928,1928,757,2025-04-17 00:53:30
1929,1929,866,2025-04-29 17:33:52
1930,1930,880,2025-04-07 20:17:46
1931,1931,433,2025-03-27 23:36:02
1932,1932,14,2025-06-08 05:49:34
1933,1933,846,2025-03-30 14:50:01
1934,1934,999,2025-04-26 15:09:11
1935,1935,610,2025-03-06 06:23:24
1936,1936,444,2025-06-10 14:00:27
1937,1937,530,2025-05-26 07:45:33
1938,1938,358,2025-01-03 14:34:39
1939,1939,426,2025-05-14 22:08:49
1940,1940,530,2025-04-17 19:39:18
1941,1941,575,2025-04-24 14:26:57
1942,1942,714,2025-05-06 02:09:19
1943,1943,558,2025-02-07 08:21:07
1944,1944,898,2025-05-22 08:35:05
1945,1945,666,2025-02-21 20:49:30
1946,1946,713,2025-01-08 11:20:47
1947,1947,573,2025-03-21 06:35:15
1948,1948,440,2025-01-02 01:32:45
1949,1949,782,2025-04-22 16:46:55
1950,1950,74,2025-02-15 22:20:38
1951,1951,45,2025-03-13 00:16:19
1952,1952,960,2025-03-19 18:16:32
1953,1953,784,2025-01-10 00:06:56
1954,1954,546,2025-02-09 12:45:34
1955,1955,361,2025-01-18 20:57:41
1956,1956,699,2025-05-17 03:07:24
1957,1957,629,2025-01-24 12:06:32
1958,1958,495,2025-04-17 06:07:53
1959,1959,215,2025-06-14 16:43:14
1960,1960,974,2025-04-15 01:44:41
1961,1961,365,2025-03-10 23:37:08
1962,1962,522,2025-05-18 18:07:34
1963,1963,397,2025-05-21 05:20:55
1964,1964,500,2025-02-12 05:00:03
1965,1965,892,2025-02-28 14:33:03
1966,1966,859,2025-05-07 05:19:24
1967,1967,847,2025-03-31 02:52:34
1968,1968,952,2025-06-09 08:27:51
1969,1969,860,2025-01-03 09:03:16
1970,1970,615,2025-04-10 01:34:08
1971,1971,310,2025-05-05 10:02:23
1972,1972,859,2025-03-26 08:59:52
1973,1973,227,2025-01-22 19:56:39
1974,1974,981,2025-05-20 04:38:02
1975,1975,723,2025-01-14 17:37:11
1976,1976,947,2025-03-14 03:33:34
1977,1977,209,2025-01-23 10:37:29
1978,1978,885,2025-03-05 05:39:58
1979,1979,430,2025-03-03 11:53:23
1980,1980,290,2025-02-22 17:27:57
1981,1981,288,2025-03-16 20:44:04
1982,1982,914,2025-03-26 08:48:54
1983,1983,518,2025-02-04 08:42:20
1984,1984,62,2025-03-23 17:43:19
1985,1985,182,2025-06-08 19:35:18
1986,1986,401,2025-02-16 09:11:24
1987,1987,215,2025-06-01 11:39:49
1988,1988,163,2025-03-24 22:42:30
1989,1989,511,2025-01-23 06:55:49
1990,1990,415,2025-02-27 01:23:26
1991,1991,869,2025-03-09 05:31:42
1992,1992,514,2025-04-02 08:38:13
1993,1993,683,2025-01-13 13:40:46
1994,1994,444,2025-04-21 15:31:44
1995,1995,916,2025-03-18 15:27:37
1996,1996,831,2025-04-20 22:05:19
1997,1997,793,2025-05-16 05:58:16
1998,1998,905,2025-06-01 10:28:06
1999,1999,369,2025-04-30 13:36:00
2000,2000,618,2025-02-13 01:29:25
