Product_ID,Product_Name,Category_ID,Price,Cost,Stock_Quantity,Seller_ID
1,Quisquam Product,7,408.17,6124.7,759,281
2,Atque Product,7,7192.67,7201.23,189,236
3,Vel Product,7,8402.57,2814.46,548,108
4,Eos Product,2,8508.13,4240.63,736,2
5,Illo Product,7,4088.27,8020.36,238,337
6,Unde Product,2,3778.15,9327.31,562,473
7,Expedita Product,2,4740.52,4781.17,321,399
8,Illum Product,3,8874.9,7830.46,861,175
9,Consequatur Product,10,3192.85,5936.0,627,429
10,Commodi Product,1,9342.29,8818.19,261,69
11,Laborum Product,8,7276.83,2129.6,505,61
12,Facilis Product,8,6284.27,8988.19,47,78
13,Doloribus Product,3,2357.19,6469.48,606,29
14,Nihil Product,1,7113.45,7577.64,458,162
15,Totam Product,5,8741.92,6801.72,662,327
16,Quod Product,8,650.73,8447.01,307,415
17,Quos Product,8,9845.86,5539.74,740,133
18,Minima Product,2,6308.49,4256.86,528,161
19,Inventore Product,6,2105.0,5009.66,858,450
20,Id Product,9,5453.79,6527.89,883,232
21,Culpa Product,4,4681.41,676.62,617,34
22,Reiciendis Product,6,4991.71,598.84,614,155
23,Nostrum Product,6,5148.28,5800.56,749,322
24,Nobis Product,7,1759.72,7863.02,235,259
25,Assumenda Product,5,5549.89,4239.13,230,269
26,Architecto Product,1,8626.32,9117.13,721,246
27,Iste Product,7,884.81,2297.17,428,349
28,Repellendus Product,2,1886.03,8891.93,825,342
29,Nobis Product,10,375.79,8079.9,775,46
30,Expedita Product,9,8797.09,5217.48,178,476
31,Esse Product,10,6505.7,5153.19,679,199
32,Dolor Product,2,5156.36,1314.55,847,14
33,Officiis Product,8,169.72,3846.92,752,390
34,Itaque Product,10,462.81,1169.09,485,301
35,Fuga Product,3,2272.52,7414.72,623,285
36,Eum Product,3,3937.46,5783.27,256,115
37,Natus Product,5,9062.36,4882.55,972,435
38,Distinctio Product,7,6647.39,5790.61,485,472
39,Tempora Product,1,2501.84,3037.93,450,252
40,Impedit Product,6,4656.39,5854.03,902,266
41,Dolore Product,4,9965.78,1855.03,382,354
42,Autem Product,8,231.37,4650.62,261,379
43,Architecto Product,2,7682.83,7986.72,693,461
44,Dignissimos Product,4,1091.49,3161.6,667,22
45,Nisi Product,6,4455.79,8602.9,386,66
46,Quaerat Product,2,5295.5,5888.85,711,450
47,Repellat Product,4,5214.13,6768.08,306,135
48,Aliquam Product,1,3180.68,9328.54,570,108
49,Expedita Product,2,9721.4,2992.38,335,455
50,Debitis Product,8,9514.64,6205.74,738,53
51,Tempora Product,3,9368.47,9289.99,832,166
52,Cupiditate Product,1,2064.68,5112.88,474,59
53,Aut Product,6,6315.07,3768.99,976,398
54,Expedita Product,9,6057.23,7077.54,616,328
55,Esse Product,8,8795.58,4305.66,477,276
56,Suscipit Product,1,8749.73,1393.07,674,499
57,Consectetur Product,5,8062.54,5980.47,385,219
58,Nihil Product,9,2990.03,3943.53,504,295
59,Pariatur Product,5,344.92,7244.12,257,420
60,Ut Product,7,7283.73,4087.73,325,417
61,Voluptatibus Product,1,757.3,2109.43,157,314
62,Quo Product,6,4849.68,7216.71,538,339
63,Cum Product,4,8699.18,3405.39,987,256
64,Qui Product,6,4584.76,8715.62,635,466
65,Odit Product,3,6659.21,2256.78,541,202
66,Magni Product,9,7762.83,2019.17,58,70
67,Fugiat Product,10,8315.68,3181.98,397,472
68,Fugiat Product,5,6461.08,9461.54,252,117
69,Ipsa Product,3,3070.85,3602.4,774,191
70,Autem Product,2,5544.9,5973.53,280,276
71,Qui Product,4,5872.47,7582.57,44,485
72,Sit Product,8,9112.78,2883.97,833,197
73,Praesentium Product,8,7119.29,3723.94,764,63
74,Reiciendis Product,6,7455.8,5458.25,577,146
75,Mollitia Product,2,9223.62,4652.68,778,478
76,Architecto Product,10,1237.56,651.42,23,173
77,Quia Product,1,9488.22,8531.94,98,263
78,Totam Product,2,4104.45,5264.62,681,428
79,Vel Product,5,8923.28,984.43,826,391
80,Rerum Product,5,8393.99,6359.26,415,358
81,Suscipit Product,1,7081.81,2461.13,595,105
82,Voluptates Product,8,8127.53,2769.72,773,66
83,Illum Product,10,8122.61,8171.6,568,208
84,Sed Product,5,6677.94,9470.9,226,395
85,Rem Product,1,8137.89,4063.91,893,325
86,Sint Product,6,9695.52,7129.01,608,372
87,Exercitationem Product,10,3906.26,7791.16,139,286
88,Id Product,4,4214.6,4325.37,146,308
89,Eos Product,7,9900.48,3961.0,995,40
90,Asperiores Product,1,1481.54,3012.08,423,469
91,Sapiente Product,4,2851.06,7716.86,963,17
92,Officia Product,3,7954.99,7971.81,156,349
93,Illum Product,4,2759.78,5610.22,60,38
94,Earum Product,4,7279.46,9234.92,587,114
95,Accusamus Product,7,4933.4,5882.51,36,49
96,Eligendi Product,8,8656.02,5854.83,355,77
97,Eum Product,5,2833.17,3864.07,300,151
98,Quibusdam Product,1,6206.14,2046.68,815,440
99,Fuga Product,6,720.4,2923.23,424,465
100,Ex Product,6,4399.38,2952.76,909,415
101,Totam Product,7,8154.21,1089.91,412,127
102,Minus Product,8,7540.92,3637.31,88,291
103,Corporis Product,10,7844.72,3420.85,946,330
104,Quos Product,7,8946.92,6038.52,384,299
105,Iste Product,3,6429.65,4642.39,469,193
106,Itaque Product,5,8137.74,2872.06,66,14
107,Odio Product,4,9280.21,9204.65,961,417
108,Quisquam Product,9,3301.43,9242.99,780,411
109,Quia Product,6,3498.42,6935.34,233,426
110,Quia Product,5,7816.93,8794.65,281,449
111,Occaecati Product,9,4053.37,1379.44,566,467
112,Ipsum Product,9,2364.07,57.5,500,387
113,Esse Product,4,9571.35,674.69,967,185
114,Eligendi Product,5,3841.91,7032.96,105,192
115,Veniam Product,8,2994.87,7888.38,172,184
116,Ipsa Product,2,1233.12,6633.65,622,235
117,Ex Product,9,5218.88,5622.15,344,110
118,Quaerat Product,2,1426.73,6553.52,316,8
119,Velit Product,10,3290.08,2354.48,527,334
120,Id Product,7,4306.77,4905.72,73,358
121,Placeat Product,9,8063.47,4794.36,81,52
122,Eius Product,9,4856.19,2348.32,339,106
123,Nemo Product,10,934.65,920.34,86,129
124,Unde Product,4,4388.03,5104.43,194,324
125,Illum Product,2,9458.36,189.69,837,281
126,Omnis Product,2,5533.05,969.65,649,344
127,Voluptas Product,7,6345.53,3074.79,328,66
128,Similique Product,6,7633.76,7978.07,436,329
129,Quae Product,9,6551.81,71.73,904,220
130,Laudantium Product,10,6599.8,2359.5,848,370
131,Adipisci Product,2,3785.65,2537.98,743,381
132,Nostrum Product,4,221.15,364.12,209,100
133,Mollitia Product,1,1931.69,4795.81,915,172
134,Optio Product,6,9108.54,228.29,354,469
135,Voluptatum Product,3,1765.18,7051.51,118,149
136,Similique Product,3,370.35,3913.7,57,53
137,Quae Product,6,846.34,3071.72,622,290
138,Non Product,3,289.02,9340.33,431,218
139,Nihil Product,4,2137.49,7044.78,164,66
140,Magnam Product,3,8543.52,2675.92,52,164
141,Distinctio Product,4,8703.7,5598.15,208,341
142,Illo Product,3,567.2,3620.03,690,15
143,Facere Product,2,9612.71,7035.06,795,24
144,Ratione Product,2,1227.33,2013.09,567,158
145,Atque Product,4,2313.91,1004.72,253,329
146,Iusto Product,3,3699.81,4935.87,998,499
147,Possimus Product,2,7986.41,1546.16,770,307
148,Fuga Product,5,3421.8,8176.23,715,146
149,Perspiciatis Product,6,1349.78,2925.44,532,205
150,Voluptatum Product,5,7747.9,2865.62,473,220
151,Doloribus Product,1,1815.3,5565.49,460,220
152,Cupiditate Product,4,2749.46,7094.25,767,415
153,Aspernatur Product,10,9512.48,2389.04,788,233
154,Mollitia Product,8,6288.51,8242.86,268,142
155,Perspiciatis Product,10,5546.45,5957.07,201,319
156,Fuga Product,8,8320.74,3416.2,874,397
157,Suscipit Product,2,3412.62,1727.98,412,492
158,Suscipit Product,7,3772.17,3192.27,887,34
159,Quibusdam Product,5,4930.46,8528.78,181,190
160,Facilis Product,4,8736.14,4877.98,654,470
161,Excepturi Product,7,4223.24,1044.39,504,401
162,Ea Product,6,2269.84,3870.82,615,358
163,Ex Product,6,1676.61,8348.58,816,486
164,Autem Product,5,9245.66,3771.47,756,163
165,Eveniet Product,4,3446.83,5353.27,735,353
166,Eveniet Product,7,1360.09,6039.32,804,296
167,Voluptate Product,9,8893.44,7118.01,177,149
168,Explicabo Product,4,8786.55,6731.85,417,253
169,Mollitia Product,10,1592.27,1025.79,506,42
170,A Product,3,6445.44,8209.24,734,479
171,Minima Product,7,9513.93,7089.75,580,477
172,Animi Product,4,3307.42,2058.15,695,147
173,Exercitationem Product,7,5530.43,4777.0,459,127
174,Fuga Product,10,358.73,7466.29,422,375
175,Nemo Product,9,1556.44,5394.04,624,328
176,Tempore Product,4,6197.52,7156.88,797,280
177,Asperiores Product,2,4211.28,3399.88,249,345
178,Error Product,9,924.69,3770.01,820,264
179,Ipsam Product,4,6976.92,885.23,270,12
180,Exercitationem Product,8,8083.39,4529.15,408,31
181,Eos Product,8,6942.22,7373.9,811,3
182,Id Product,2,2811.31,5848.0,854,247
183,Cum Product,9,9047.98,230.49,937,72
184,Quibusdam Product,7,7345.96,5472.8,140,68
185,Temporibus Product,2,9792.55,3813.29,221,304
186,Officia Product,5,7851.67,4227.1,208,166
187,Mollitia Product,5,8399.45,7124.89,871,325
188,Aliquam Product,3,3947.14,6688.92,372,385
189,Repellat Product,7,2130.64,7760.68,632,56
190,Quidem Product,8,1473.08,8845.57,901,413
191,Officiis Product,10,6343.03,2890.44,240,203
192,Officia Product,10,2696.42,8049.24,101,342
193,Ex Product,2,1897.07,3958.63,952,197
194,Eum Product,5,5714.85,885.67,439,232
195,Perspiciatis Product,1,4175.77,8451.11,249,112
196,Fugit Product,6,2284.67,1098.36,127,490
197,Dolores Product,7,1163.62,3356.6,811,293
198,Veniam Product,1,1224.53,7383.87,272,291
199,Laborum Product,10,2793.88,5579.21,799,387
200,Explicabo Product,2,2027.41,2238.84,298,111
201,Sunt Product,8,9184.65,4012.03,513,337
202,Cum Product,4,9574.27,2635.82,833,52
203,Quisquam Product,5,551.35,5373.67,836,354
204,Rerum Product,5,977.25,636.62,92,443
205,Quos Product,7,4986.88,2096.02,95,129
206,Magni Product,9,1002.29,3834.32,309,297
207,Neque Product,10,6662.88,834.71,45,25
208,Qui Product,5,6595.96,8769.52,935,467
209,Eveniet Product,1,1590.17,5359.21,922,214
210,Laborum Product,7,9265.71,3869.67,577,17
211,Saepe Product,2,8774.09,5741.0,272,150
212,Ratione Product,3,1307.74,8041.22,225,133
213,Similique Product,9,8963.66,8881.36,329,284
214,Sint Product,5,8892.74,9466.1,234,164
215,Amet Product,4,839.4,630.07,509,290
216,Rerum Product,2,4908.07,8925.55,625,52
217,Esse Product,4,9215.73,3661.39,101,166
218,Illum Product,8,1078.93,6682.86,108,405
219,Quas Product,8,1248.46,8336.75,821,362
220,Deleniti Product,2,5871.37,2974.18,887,419
221,Nisi Product,1,9963.95,2917.65,495,343
222,Voluptatem Product,1,1699.56,8865.46,588,412
223,Pariatur Product,2,2964.35,1176.73,880,274
224,Ab Product,8,8525.74,2876.25,159,466
225,Sequi Product,8,9345.48,759.53,971,312
226,Nihil Product,4,9700.55,4552.33,542,189
227,Molestiae Product,8,3867.59,8178.76,212,310
228,Consequatur Product,2,2464.54,7502.44,101,20
229,Ullam Product,8,3086.49,9222.41,693,195
230,Asperiores Product,2,7846.33,9488.24,193,128
231,Placeat Product,3,1277.81,2733.41,69,39
232,Rem Product,4,915.77,3220.62,359,27
233,Enim Product,7,6008.44,4145.09,697,95
234,Ex Product,7,757.65,5227.35,853,177
235,Adipisci Product,6,1755.48,3104.0,795,336
236,Accusantium Product,8,7421.98,8492.83,22,72
237,Nisi Product,6,2901.66,6860.27,86,479
238,Nemo Product,8,5879.12,5693.64,648,142
239,Neque Product,9,5304.55,8647.82,456,200
240,Libero Product,10,2895.03,5438.51,992,307
241,Error Product,4,9813.5,339.41,128,303
242,Cumque Product,6,4383.59,3337.35,699,470
243,Est Product,7,2161.25,3490.38,536,152
244,Quo Product,3,8532.2,1790.99,673,371
245,Debitis Product,2,4611.28,3732.82,156,390
246,Illum Product,6,4110.43,294.66,411,448
247,Molestias Product,1,4816.47,6318.53,104,151
248,Consequuntur Product,5,1201.19,2152.46,858,194
249,Corporis Product,9,6517.99,9131.62,901,93
250,Non Product,5,501.2,6669.1,475,399
251,Ab Product,2,8781.79,82.42,673,417
252,Ipsam Product,7,4150.86,5715.32,708,140
253,Repellendus Product,2,4910.03,5118.02,27,242
254,Libero Product,7,1768.16,4789.2,133,63
255,Quo Product,6,8714.8,6283.23,163,118
256,Natus Product,3,5566.92,1760.27,589,80
257,Quam Product,5,230.39,2674.44,354,444
258,Sed Product,3,5307.49,3432.3,640,303
259,Consequuntur Product,10,3041.89,62.18,114,20
260,Porro Product,9,2752.97,5770.46,138,117
261,Maiores Product,6,8910.08,1011.82,138,480
262,Facere Product,4,3535.59,330.68,893,485
263,Assumenda Product,6,2022.98,9189.87,986,227
264,Rerum Product,3,1730.85,6127.56,626,68
265,Esse Product,1,7936.3,4176.63,140,328
266,Nostrum Product,6,9569.37,5309.16,61,307
267,Voluptatem Product,8,5289.49,326.04,968,277
268,Libero Product,1,8529.72,274.25,327,53
269,Sit Product,10,2948.21,8240.52,985,169
270,Eius Product,4,3082.69,5845.35,912,389
271,Inventore Product,3,7887.77,4874.59,948,49
272,Doloremque Product,5,2950.32,5301.08,839,233
273,Ut Product,5,7354.36,5992.24,583,19
274,Hic Product,3,941.52,4868.93,588,475
275,Autem Product,10,2310.4,3693.22,794,177
276,Similique Product,8,9815.25,5334.87,747,496
277,Adipisci Product,1,6769.52,2198.41,591,300
278,Rem Product,2,6709.58,969.93,863,339
279,Similique Product,10,7281.31,6841.95,276,477
280,Doloremque Product,4,8237.99,3853.6,609,8
281,Reiciendis Product,6,8161.78,5271.59,1000,177
282,Reiciendis Product,8,7864.05,5647.77,333,358
283,Odit Product,1,5492.84,2679.53,609,459
284,Dicta Product,1,8357.74,5745.92,460,291
285,Cum Product,1,6925.76,3445.25,176,267
286,Blanditiis Product,10,8029.93,4105.48,406,35
287,Explicabo Product,1,3946.22,4022.58,266,120
288,Mollitia Product,8,7585.85,3558.36,935,23
289,Eos Product,2,4050.82,1409.87,444,48
290,Animi Product,4,4240.72,5343.31,326,301
291,Quam Product,9,680.0,3430.4,670,11
292,Modi Product,9,2875.49,4575.71,428,316
293,Debitis Product,10,1691.22,5841.62,427,152
294,Consectetur Product,5,3082.81,7363.09,530,441
295,Cupiditate Product,3,3298.78,8332.35,29,273
296,Ullam Product,5,6785.59,2321.67,164,462
297,Fugiat Product,5,1823.68,2899.0,24,393
298,Voluptates Product,1,2811.68,4343.79,149,158
299,Optio Product,2,7229.45,3281.98,984,448
300,Illo Product,7,6043.49,3146.09,366,162
301,Laudantium Product,8,2889.71,9090.7,970,15
302,Voluptatibus Product,7,1823.76,4765.43,848,194
303,Totam Product,1,1705.3,1604.92,483,32
304,Repudiandae Product,4,9967.82,2061.86,692,74
305,Corporis Product,10,7968.8,6434.95,318,184
306,Itaque Product,3,9316.08,8066.66,349,328
307,Accusamus Product,9,9224.06,1366.38,416,116
308,Molestias Product,1,2867.39,8665.08,163,310
309,Excepturi Product,7,3983.87,8600.56,726,317
310,Est Product,10,997.39,1542.45,517,152
311,Fugiat Product,3,6042.36,7886.13,47,155
312,Voluptatum Product,2,4131.98,5167.88,807,91
313,Delectus Product,2,3655.91,2324.97,200,461
314,Unde Product,7,3886.25,2033.71,899,428
315,Tempore Product,1,4022.53,9369.61,859,182
316,Culpa Product,1,9714.65,1194.49,256,301
317,Porro Product,3,5051.11,2904.56,818,481
318,Quas Product,6,175.14,1479.06,448,49
319,Aliquid Product,10,582.61,5497.49,678,125
320,Error Product,4,3799.35,2182.8,638,250
321,Voluptatum Product,2,6076.66,69.48,681,12
322,Ducimus Product,3,7116.46,6173.89,460,51
323,Rerum Product,7,1547.63,8003.94,405,367
324,Molestias Product,5,7030.14,654.71,777,189
325,Eligendi Product,6,9701.29,2971.04,764,231
326,Ea Product,10,9975.26,7722.41,166,117
327,Accusantium Product,1,2927.98,7417.56,764,412
328,Quia Product,4,1453.49,2264.45,414,334
329,Assumenda Product,8,4708.18,7438.39,806,39
330,Facere Product,5,3381.83,2786.96,771,148
331,Quam Product,4,4494.99,7443.41,141,315
332,Incidunt Product,5,9455.31,3383.43,713,315
333,Iste Product,2,9207.97,6382.26,530,220
334,Reiciendis Product,7,7143.83,3262.82,372,91
335,Eos Product,8,6516.22,7228.84,88,65
336,Repudiandae Product,1,7859.16,1563.14,108,421
337,Pariatur Product,6,4820.22,569.22,698,38
338,Delectus Product,10,692.75,1297.83,90,346
339,Sint Product,2,3968.84,5966.3,716,475
340,Odio Product,8,338.0,5995.94,509,324
341,Porro Product,7,2124.53,2375.4,174,102
342,Porro Product,8,1318.73,3411.7,179,37
343,Explicabo Product,3,3847.65,6057.92,757,146
344,Sit Product,9,3739.58,2135.33,529,43
345,Nostrum Product,2,2932.06,1488.5,339,99
346,Nemo Product,1,496.42,8923.17,270,233
347,Quidem Product,6,7751.8,2371.47,790,276
348,Ab Product,10,9087.85,1453.35,269,360
349,Officia Product,2,2151.07,2503.72,372,307
350,Similique Product,9,8529.42,3640.9,233,65
351,Id Product,8,7574.16,5109.27,284,53
352,Rerum Product,8,6625.2,1956.12,719,255
353,Excepturi Product,7,3490.74,726.42,369,459
354,Ad Product,4,9201.56,1367.91,116,51
355,Recusandae Product,5,6706.26,336.65,417,412
356,Asperiores Product,6,1720.31,4094.32,319,95
357,Mollitia Product,7,4506.65,7544.0,245,447
358,Similique Product,6,729.78,1415.52,207,144
359,Asperiores Product,6,9436.36,2134.74,847,466
360,Sapiente Product,4,4941.19,7935.29,708,201
361,Neque Product,6,9310.49,3696.78,500,211
362,Iure Product,5,5336.45,4881.87,622,219
363,Esse Product,3,1730.4,7743.68,611,148
364,Provident Product,6,8321.56,254.88,436,321
365,Aspernatur Product,3,3217.52,9108.52,612,67
366,Laborum Product,10,4246.19,3670.08,971,171
367,Laudantium Product,2,1515.65,6401.99,907,216
368,Quia Product,3,7531.87,8326.46,748,253
369,Saepe Product,3,6013.04,2236.87,347,360
370,Esse Product,1,6177.5,5571.7,240,132
371,Facere Product,5,8678.08,739.37,609,57
372,Accusantium Product,5,4427.15,7445.39,400,462
373,Recusandae Product,1,1941.86,7491.14,319,458
374,Voluptatibus Product,8,4668.54,9348.48,726,479
375,Ipsam Product,1,2940.06,3309.2,524,371
376,Necessitatibus Product,10,4690.05,8339.73,402,60
377,Laudantium Product,9,2983.94,6243.9,489,13
378,Voluptatum Product,4,2378.76,5823.61,157,48
379,Ipsam Product,5,4582.56,6481.99,989,484
380,Magni Product,3,7764.3,1874.49,680,375
381,Voluptas Product,3,6964.81,8805.09,735,361
382,Distinctio Product,5,3234.9,6832.91,424,250
383,Dolor Product,7,7682.78,4257.77,424,101
384,Distinctio Product,7,6338.39,6390.03,889,442
385,Quae Product,9,4320.75,91.05,88,71
386,Saepe Product,3,367.96,9019.45,70,457
387,Perferendis Product,9,2992.56,8726.1,149,199
388,Soluta Product,5,7755.02,8268.46,228,105
389,Dicta Product,4,4286.31,4315.34,610,196
390,Quasi Product,1,9475.27,4864.86,981,354
391,Unde Product,9,6092.0,4763.33,777,327
392,Aliquid Product,2,7003.39,3652.25,892,172
393,Eius Product,5,6105.24,2753.08,465,449
394,Beatae Product,10,1417.5,5363.65,399,470
395,Necessitatibus Product,7,2871.32,6808.57,73,59
396,Cum Product,4,1541.16,5924.42,801,444
397,Ad Product,2,9090.16,8843.49,403,26
398,Sunt Product,1,866.71,8544.81,318,201
399,Aperiam Product,2,4804.42,7487.94,563,367
400,Quasi Product,1,5454.84,511.04,994,269
401,Necessitatibus Product,9,5813.06,7206.79,772,19
402,Quae Product,5,2627.28,693.9,308,32
403,Quaerat Product,5,2495.7,3344.0,414,458
404,Nam Product,9,3465.31,6543.13,873,170
405,Culpa Product,4,5272.16,6235.31,301,264
406,Nulla Product,4,4825.39,4378.87,380,259
407,Dicta Product,1,2051.14,5951.2,32,53
408,Laudantium Product,7,5211.56,3052.84,308,230
409,Alias Product,2,4921.88,7757.81,582,135
410,Ipsum Product,1,1002.98,8811.49,58,80
411,Accusamus Product,8,7924.07,6259.2,434,460
412,Ipsum Product,10,5318.44,5330.23,740,105
413,Ipsa Product,8,7047.09,4169.55,129,188
414,Reprehenderit Product,9,9285.65,4059.57,838,265
415,Numquam Product,7,1216.95,5424.69,501,424
416,Fuga Product,7,4441.55,5522.9,749,267
417,Explicabo Product,4,6673.56,1560.41,87,244
418,Enim Product,1,7222.23,8222.71,360,497
419,Tenetur Product,9,2153.06,1841.64,385,330
420,Neque Product,9,763.04,3336.5,355,226
421,Quaerat Product,3,5499.78,2383.33,994,123
422,Odio Product,4,5827.17,5656.37,799,261
423,Architecto Product,3,2894.66,3715.62,695,73
424,Nihil Product,2,4734.43,7390.54,513,172
425,Dolores Product,9,528.81,6488.47,572,417
426,Accusamus Product,5,9297.4,4092.3,516,310
427,Non Product,4,142.57,8318.49,227,4
428,A Product,3,7908.06,3272.19,181,462
429,Dolorem Product,8,1869.82,7174.83,460,304
430,Alias Product,9,8130.08,2147.7,344,36
431,Facilis Product,6,8128.96,6760.64,188,164
432,Natus Product,3,8760.4,3552.33,327,219
433,Aperiam Product,2,9685.98,91.75,577,240
434,Repellendus Product,4,9419.63,122.33,958,289
435,Dolorem Product,8,1338.11,6873.47,28,328
436,Fugit Product,8,7678.7,2164.53,905,367
437,A Product,3,9506.3,7547.23,500,234
438,Totam Product,2,1296.62,7231.58,319,72
439,Modi Product,6,1369.89,6972.01,688,259
440,Aliquid Product,7,2064.35,7423.2,82,5
441,Vero Product,8,9083.26,1433.73,69,424
442,Sint Product,3,7191.65,2683.32,218,152
443,Accusantium Product,5,4939.71,8445.83,73,179
444,Doloremque Product,8,8502.79,6586.94,477,241
445,Laudantium Product,2,7598.17,7933.37,822,365
446,Sunt Product,7,9353.29,6455.74,616,324
447,Qui Product,8,1172.53,3497.03,644,223
448,Doloremque Product,6,7741.62,3854.91,486,209
449,Explicabo Product,5,502.85,5808.83,717,194
450,Nihil Product,9,8561.47,1890.59,817,137
451,Doloremque Product,1,272.91,6791.63,175,83
452,At Product,5,9455.27,9371.61,408,350
453,Minus Product,6,2043.14,4386.54,225,491
454,Impedit Product,3,1359.12,883.9,97,390
455,Unde Product,5,2514.38,5944.6,33,235
456,Nam Product,1,3682.27,2738.66,707,125
457,Quae Product,7,595.68,1127.47,524,404
458,Aperiam Product,10,1231.47,8629.4,356,20
459,Neque Product,2,534.18,3801.32,868,466
460,Iure Product,3,4248.68,340.4,53,69
461,Voluptatibus Product,7,3551.63,5453.7,233,343
462,Commodi Product,5,8462.49,8647.0,632,234
463,Veniam Product,9,9193.29,1971.26,346,148
464,Dicta Product,9,5053.9,2006.3,523,458
465,Nostrum Product,2,6041.22,1068.68,604,207
466,Numquam Product,8,5744.33,7782.01,413,125
467,Sequi Product,9,9248.86,9357.79,416,437
468,Ipsa Product,5,6819.91,2318.62,179,12
469,Corporis Product,4,1007.03,9451.94,526,355
470,Numquam Product,3,8191.14,3902.46,393,75
471,Quod Product,9,1505.67,3762.39,361,136
472,Est Product,10,9026.25,9391.34,530,343
473,Eligendi Product,3,2971.97,422.31,55,353
474,Exercitationem Product,3,305.83,3746.11,70,45
475,Exercitationem Product,5,6698.74,3612.56,37,164
476,Maiores Product,2,5933.36,5337.07,366,144
477,Dicta Product,4,8256.62,4732.54,137,206
478,Praesentium Product,4,7323.37,8357.57,732,372
479,Hic Product,4,9884.68,3076.53,450,433
480,Optio Product,4,3875.76,6785.66,872,460
481,Ipsa Product,4,8137.05,894.92,79,30
482,Natus Product,1,5934.4,5023.76,629,302
483,Consequuntur Product,4,753.07,4239.82,136,373
484,Unde Product,1,8114.47,2976.88,863,273
485,Soluta Product,1,1817.55,6132.94,991,119
486,Occaecati Product,6,7020.3,2683.52,363,279
487,Quam Product,10,7584.38,5956.19,71,319
488,Esse Product,4,588.75,2530.74,245,325
489,Pariatur Product,8,4229.87,886.52,808,214
490,Tempore Product,7,1786.9,8708.0,45,263
491,Voluptates Product,2,1489.27,1345.65,670,220
492,Itaque Product,9,761.12,8111.32,905,390
493,Libero Product,10,3100.69,4386.26,734,132
494,Aut Product,8,8483.36,8288.65,953,368
495,Minus Product,4,829.14,7876.57,110,19
496,Sapiente Product,6,6840.72,8997.99,710,400
497,Sit Product,4,182.83,5841.65,529,477
498,Velit Product,4,6086.14,5897.04,317,72
499,Sapiente Product,2,5621.23,9381.26,784,158
500,At Product,3,6705.93,5780.52,505,209
501,Soluta Product,6,6511.62,7208.07,126,208
502,Quos Product,8,4328.69,6571.25,120,261
503,Eligendi Product,8,4839.29,8268.98,148,337
504,Veritatis Product,9,5472.66,9104.9,438,475
505,Cupiditate Product,4,4381.18,5020.37,700,342
506,Veritatis Product,6,343.29,6936.31,426,451
507,Deleniti Product,3,4652.91,3844.35,626,82
508,Totam Product,3,4308.63,4160.57,547,426
509,Ab Product,9,210.81,6657.79,219,230
510,Temporibus Product,7,947.69,3784.39,856,167
511,Assumenda Product,3,1953.89,8713.54,636,347
512,Fugit Product,9,9677.81,56.39,318,298
513,Ipsum Product,10,2494.19,3055.02,568,55
514,Quos Product,3,3302.24,5932.5,511,239
515,Reprehenderit Product,3,4394.96,9259.32,876,254
516,Veritatis Product,7,3034.22,5238.47,212,468
517,Possimus Product,9,3756.64,7062.39,45,163
518,Accusantium Product,1,9250.35,8729.41,983,479
519,Rem Product,5,1335.5,4215.72,933,485
520,Doloribus Product,7,3363.65,5261.07,212,293
521,Quod Product,2,9538.63,1364.26,1000,486
522,Laudantium Product,6,8687.29,3366.18,115,274
523,Temporibus Product,9,4469.87,6176.31,881,158
524,Laborum Product,9,4342.45,579.98,687,185
525,Harum Product,1,143.19,5752.78,288,139
526,Laboriosam Product,10,7069.66,1759.95,990,229
527,Ea Product,9,8369.18,4692.55,674,238
528,Vel Product,1,6301.95,6122.2,812,73
529,Quidem Product,10,2042.15,1216.99,768,450
530,In Product,3,3464.96,174.67,679,260
531,Itaque Product,7,8372.57,391.42,301,88
532,Quo Product,10,7566.93,266.95,697,330
533,Qui Product,10,3511.83,9457.13,185,117
534,Illo Product,4,4139.94,2042.25,141,325
535,Aperiam Product,9,255.21,1639.0,62,7
536,Voluptatem Product,8,6425.49,237.23,159,416
537,Aspernatur Product,5,7876.41,8599.4,686,364
538,Eaque Product,7,1475.04,6681.53,607,232
539,Ipsam Product,6,2468.26,8982.05,772,326
540,Quibusdam Product,5,9942.01,6639.35,354,254
541,Quos Product,2,8086.92,7256.95,332,201
542,Voluptates Product,10,3738.04,3905.66,815,466
543,Labore Product,8,2631.55,6857.41,575,463
544,A Product,8,7910.96,3469.83,331,130
545,Vel Product,6,2266.81,3171.4,87,144
546,Saepe Product,7,6587.63,8520.26,569,340
547,Occaecati Product,7,3603.96,8309.28,223,342
548,Doloremque Product,5,5116.1,7482.89,595,380
549,Alias Product,4,6647.37,8808.53,690,281
550,Sequi Product,7,6336.81,8126.69,872,254
551,Quae Product,4,4398.35,3750.97,326,266
552,Excepturi Product,6,2479.34,326.87,698,416
553,Possimus Product,8,4780.35,5006.76,24,474
554,Suscipit Product,9,9020.81,2797.38,182,396
555,Numquam Product,7,7737.39,5815.29,243,337
556,Voluptatem Product,5,3077.58,8283.48,766,221
557,Magni Product,10,6936.04,8238.62,52,183
558,Magni Product,1,7655.27,7519.71,346,410
559,Optio Product,1,3675.66,6860.91,630,90
560,Explicabo Product,9,2764.49,4429.9,770,422
561,Qui Product,1,606.25,1912.35,196,470
562,Modi Product,10,7609.02,5409.52,733,240
563,Nemo Product,8,2350.04,7026.97,948,73
564,Amet Product,10,3215.85,6050.15,964,177
565,Maiores Product,1,2492.72,8794.8,84,216
566,Dicta Product,3,3417.32,9432.02,132,182
567,Et Product,1,6798.18,6562.26,671,3
568,Sapiente Product,5,9925.33,268.86,209,492
569,Aspernatur Product,9,1032.71,2031.83,252,453
570,Quibusdam Product,2,1478.76,4434.75,291,396
571,Dignissimos Product,4,8261.21,7143.14,655,440
572,Eum Product,6,1962.1,7586.25,762,464
573,Distinctio Product,2,1205.59,2308.56,381,295
574,Totam Product,1,2820.24,8261.46,430,184
575,Repudiandae Product,3,8860.7,7771.74,172,283
576,Vero Product,7,8420.88,3643.87,207,413
577,Dolor Product,6,1198.99,533.01,392,254
578,Sunt Product,4,5332.44,5285.37,713,180
579,Quae Product,6,2996.3,9070.59,285,324
580,Esse Product,7,9770.31,7592.86,863,466
581,Dicta Product,2,5887.54,3113.49,100,245
582,Ratione Product,5,3505.8,3428.18,793,351
583,Laborum Product,4,6917.51,6651.18,965,392
584,Fugiat Product,7,1443.55,1812.21,885,56
585,Laborum Product,7,4610.71,2388.41,276,198
586,Quos Product,2,9977.11,1376.75,108,342
587,Harum Product,6,8321.51,3589.51,453,369
588,Occaecati Product,3,7634.4,2481.75,123,89
589,Dolorum Product,7,384.6,2483.74,141,262
590,Accusamus Product,8,3983.32,183.39,656,478
591,Cupiditate Product,1,4296.57,2261.69,637,427
592,Aperiam Product,7,2480.94,7516.44,260,473
593,Suscipit Product,10,6017.36,9025.8,466,382
594,Inventore Product,8,9416.15,2986.73,53,365
595,Perspiciatis Product,6,7238.93,7813.23,572,74
596,Quisquam Product,3,9152.36,6701.84,448,226
597,Aliquid Product,4,6799.32,994.61,197,488
598,Quam Product,4,2875.93,2215.48,814,272
599,Minima Product,9,5352.87,413.62,534,177
600,Non Product,2,6609.95,6194.51,78,75
601,Facere Product,6,6117.29,2339.66,324,188
602,Fuga Product,1,8604.31,1417.91,199,403
603,Aliquam Product,4,1159.96,2463.07,502,186
604,Ipsam Product,6,4471.48,4458.98,640,313
605,Recusandae Product,2,1190.97,3180.17,624,13
606,Dolores Product,5,6324.24,1884.08,107,267
607,Dolorum Product,4,6504.28,2400.51,924,315
608,Dignissimos Product,6,2327.74,7567.9,927,20
609,Eius Product,3,6678.28,5580.67,515,61
610,Dolores Product,2,3274.86,3905.6,719,300
611,Quae Product,2,9492.37,8896.41,639,65
612,Quasi Product,7,9042.17,9121.48,848,33
613,Sunt Product,8,2214.93,1578.29,134,432
614,Tempore Product,7,1498.42,5855.93,781,28
615,Ipsam Product,9,4942.8,7799.92,179,81
616,Similique Product,2,5977.67,2376.45,600,461
617,Fugiat Product,2,7889.78,4233.08,715,236
618,Placeat Product,7,7802.34,1126.43,47,184
619,Veritatis Product,3,5692.31,6499.1,519,1
620,Facere Product,8,6470.35,3322.13,629,380
621,Alias Product,10,8420.83,815.22,904,101
622,Delectus Product,1,2617.53,3053.17,30,415
623,Architecto Product,3,158.2,7384.27,406,381
624,Esse Product,9,2515.95,4721.77,647,18
625,Molestias Product,4,7473.28,2976.46,374,451
626,Quas Product,1,1784.0,3038.17,429,232
627,Perferendis Product,7,567.59,6179.02,68,140
628,At Product,1,6085.41,6842.91,230,140
629,Ducimus Product,7,6879.96,4389.8,376,153
630,Pariatur Product,2,5411.05,6888.03,265,404
631,Ratione Product,7,5462.86,959.64,97,455
632,Numquam Product,4,8318.03,6334.54,477,89
633,Aliquid Product,2,579.84,7140.74,122,125
634,Consequatur Product,4,2880.09,618.01,578,159
635,Ullam Product,3,1574.08,981.2,568,337
636,Praesentium Product,9,1773.68,7573.09,197,17
637,Repellendus Product,9,7428.3,6524.59,98,452
638,Quis Product,7,5277.42,6888.63,672,211
639,Iure Product,4,4211.83,135.41,570,290
640,Ipsum Product,2,6520.28,6678.36,271,378
641,Neque Product,7,6042.3,4452.35,542,304
642,Soluta Product,5,6515.36,4098.48,208,24
643,Est Product,1,329.03,1272.84,283,358
644,Praesentium Product,2,7827.38,9183.65,955,5
645,Nihil Product,8,1229.99,2331.65,594,187
646,Nam Product,1,7965.11,6393.71,878,311
647,Et Product,6,1131.58,2097.74,26,271
648,Ullam Product,6,901.18,1090.72,819,300
649,Nemo Product,2,6259.94,7596.27,331,186
650,Necessitatibus Product,5,9353.93,4021.98,503,73
651,Doloremque Product,10,4014.74,3248.18,862,59
652,Quae Product,10,1942.04,4092.58,100,121
653,Praesentium Product,8,4516.86,6517.16,139,353
654,Nostrum Product,9,5054.71,7138.29,886,218
655,Deserunt Product,4,5888.08,3837.48,157,380
656,Distinctio Product,7,7672.63,3656.9,814,226
657,Quidem Product,9,2265.71,288.7,392,254
658,Est Product,4,4641.79,1898.39,886,437
659,Dolores Product,9,4830.49,2757.38,67,85
660,Exercitationem Product,3,2252.41,6242.37,754,390
661,Ratione Product,5,6705.45,9135.37,329,153
662,Temporibus Product,7,8868.89,1712.34,454,105
663,Quia Product,4,108.4,9041.0,133,37
664,Ad Product,8,4219.35,964.4,325,90
665,Cumque Product,2,3808.47,2842.68,252,58
666,Repudiandae Product,10,4028.14,5076.12,451,107
667,Eligendi Product,7,2693.13,307.16,276,199
668,Amet Product,6,3833.37,9282.25,416,304
669,Nobis Product,9,9033.7,8809.89,241,194
670,Distinctio Product,9,5631.45,9134.2,23,15
671,Ad Product,5,5458.71,4646.68,637,472
672,Porro Product,4,4075.49,2195.27,883,41
673,Nihil Product,6,5808.87,1761.63,994,75
674,Molestiae Product,10,1224.79,6134.37,514,479
675,Id Product,1,3894.69,5704.03,306,33
676,Iusto Product,1,9087.64,521.36,780,480
677,Harum Product,3,5832.19,824.48,482,88
678,Natus Product,3,5184.27,2703.24,147,266
679,Pariatur Product,4,302.18,5119.68,477,357
680,Vel Product,10,7749.5,8989.7,687,28
681,Cum Product,8,3413.19,4285.49,647,374
682,Neque Product,9,6596.07,7918.36,508,458
683,Recusandae Product,5,5858.19,4291.12,634,30
684,Voluptas Product,6,1696.18,8254.95,129,252
685,Dignissimos Product,2,1192.75,5212.4,439,405
686,Nobis Product,6,9879.66,3413.69,775,49
687,Quod Product,9,6236.13,6314.5,983,457
688,Hic Product,1,4383.42,4704.28,667,411
689,Soluta Product,6,4123.18,2348.75,437,103
690,Impedit Product,2,1764.81,4406.43,998,188
691,Aliquid Product,6,4541.45,1732.18,907,386
692,Non Product,7,1123.22,5688.66,643,211
693,Explicabo Product,4,4931.24,5347.23,92,46
694,Deleniti Product,10,8407.88,2046.4,893,354
695,Voluptates Product,10,6517.88,8432.71,74,201
696,Dolorem Product,9,9782.49,1625.22,68,59
697,Praesentium Product,4,6465.72,172.55,98,219
698,Optio Product,8,3545.78,7566.01,732,88
699,Dicta Product,2,3951.27,7633.4,727,100
700,Modi Product,7,9217.14,7632.02,267,40
701,Distinctio Product,8,6177.81,5029.05,294,297
702,Voluptatibus Product,1,7567.7,479.11,725,309
703,Magni Product,1,2502.46,6405.65,635,183
704,Aperiam Product,5,3778.56,7388.16,535,116
705,Sint Product,6,6978.96,8590.96,860,445
706,Molestias Product,4,6832.82,8716.3,581,389
707,Aut Product,2,1616.17,8088.28,770,112
708,Rerum Product,10,6357.96,1424.97,349,398
709,Ex Product,6,1147.83,7692.42,91,427
710,Recusandae Product,10,7035.58,1791.22,591,451
711,Corporis Product,2,6330.57,8016.75,944,486
712,Sequi Product,5,8337.51,8249.26,939,92
713,Id Product,2,8207.11,9419.28,743,97
714,Illo Product,7,8129.87,1198.31,575,203
715,Perspiciatis Product,4,5757.34,2517.59,284,51
716,Voluptate Product,4,7260.95,5293.41,345,120
717,Quo Product,2,3208.12,2106.59,73,309
718,Deserunt Product,4,185.9,7343.63,501,307
719,Necessitatibus Product,7,5261.03,7013.5,813,491
720,Provident Product,10,556.8,5598.5,732,339
721,Nihil Product,5,3687.39,7499.06,571,238
722,Neque Product,3,6333.41,8693.6,52,288
723,Reprehenderit Product,10,6092.98,1711.71,130,236
724,Excepturi Product,8,6396.91,8479.73,356,334
725,Quae Product,2,4243.52,4852.7,88,450
726,Nemo Product,4,2236.35,5925.07,216,479
727,Adipisci Product,7,4582.93,4569.17,159,62
728,Sit Product,8,6602.94,6727.49,31,362
729,Temporibus Product,3,3125.74,6196.81,681,88
730,Odio Product,5,1031.17,5878.09,920,406
731,Atque Product,4,8126.51,629.58,709,468
732,Aspernatur Product,4,1929.79,2267.81,340,158
733,Laborum Product,1,1032.03,5193.43,684,405
734,Recusandae Product,5,2972.87,1639.45,799,498
735,Distinctio Product,9,8738.89,2608.6,705,343
736,Veniam Product,1,1657.68,2691.38,847,429
737,Libero Product,6,172.5,5728.72,469,211
738,Veniam Product,6,7045.36,8913.91,140,343
739,Commodi Product,9,4315.39,665.44,364,214
740,Aperiam Product,5,179.84,7635.58,311,53
741,Doloribus Product,5,5000.43,1868.23,572,318
742,Sequi Product,2,8982.82,4467.48,347,160
743,Illo Product,3,3070.81,3119.25,115,351
744,Voluptatem Product,10,652.45,8642.87,203,198
745,Minus Product,2,6707.23,7816.1,92,14
746,Reprehenderit Product,4,3251.23,3069.51,293,93
747,Corporis Product,10,5976.96,1707.8,669,490
748,Omnis Product,3,2494.43,3662.08,410,222
749,Ratione Product,10,6673.25,9490.34,634,89
750,Qui Product,3,5741.49,2258.73,570,197
751,Ipsum Product,2,5729.94,927.58,86,321
752,Accusamus Product,9,7846.11,1863.21,713,9
753,Quaerat Product,10,7951.19,7453.52,332,65
754,Vitae Product,5,6571.68,8164.35,321,2
755,Totam Product,7,4303.93,1729.03,782,97
756,Numquam Product,5,4160.1,1954.85,327,346
757,Deserunt Product,9,5434.1,2224.18,263,132
758,Excepturi Product,4,4779.13,1018.89,1000,378
759,Fuga Product,9,3874.36,8578.91,280,375
760,Est Product,1,5126.53,7383.64,390,416
761,Sed Product,5,1839.71,2403.89,595,91
762,Adipisci Product,7,9443.39,8977.55,587,169
763,Nemo Product,6,306.15,2591.94,368,421
764,Tempora Product,1,5818.42,3332.89,797,437
765,Quo Product,9,6372.66,8894.7,846,319
766,Eligendi Product,6,6126.91,8357.85,963,246
767,Velit Product,1,2562.51,4084.39,946,310
768,Quam Product,7,2905.45,2030.05,635,50
769,Vero Product,8,4108.09,473.37,488,64
770,Placeat Product,9,5278.03,92.81,800,304
771,Quo Product,10,3468.21,1338.74,540,487
772,Debitis Product,8,2201.44,2646.59,311,379
773,Ad Product,10,6486.06,6352.79,548,493
774,Sunt Product,7,4354.02,5616.45,645,297
775,Incidunt Product,5,4624.15,3911.11,129,235
776,Ullam Product,1,8734.61,8238.77,463,300
777,Fugit Product,1,941.53,2515.15,470,465
778,Deserunt Product,2,899.86,9153.88,240,409
779,Non Product,9,2681.03,9040.71,753,478
780,Consequatur Product,8,1116.03,3756.19,869,184
781,Quibusdam Product,7,4378.14,3128.74,688,174
782,Quod Product,2,5473.91,4823.98,986,11
783,Officia Product,2,3905.16,6307.66,287,289
784,Consequuntur Product,3,2123.66,6611.08,396,313
785,Delectus Product,7,5797.29,3146.45,924,500
786,Veritatis Product,5,3309.63,8643.18,681,172
787,Iure Product,7,4144.43,6735.02,829,486
788,Excepturi Product,4,4896.28,2987.69,158,423
789,Aliquam Product,5,9022.29,7566.58,465,37
790,Ipsam Product,8,8331.24,5125.21,191,461
791,Explicabo Product,6,8035.22,1225.31,54,433
792,Inventore Product,3,3371.34,9314.19,718,440
793,Nobis Product,4,5435.28,8283.72,522,220
794,Quis Product,3,7580.14,8314.44,328,264
795,Iusto Product,2,6328.93,7237.59,275,265
796,Voluptates Product,5,5772.41,7220.1,436,441
797,Enim Product,9,8694.91,6392.59,220,166
798,Ab Product,9,3572.86,229.03,880,44
799,Facere Product,1,7720.83,8083.95,164,225
800,Quas Product,9,5823.25,5730.23,106,496
801,Eos Product,10,6520.37,64.49,321,330
802,Ex Product,9,8610.58,1443.21,909,463
803,Similique Product,8,4650.7,5003.51,797,244
804,Quia Product,1,8926.18,3709.9,444,76
805,Eaque Product,1,9459.01,7112.53,240,130
806,Dignissimos Product,5,6832.03,2046.64,629,133
807,Id Product,7,5135.83,5698.73,785,379
808,Cupiditate Product,4,2403.03,5126.7,710,494
809,At Product,3,2042.14,3553.91,715,216
810,Atque Product,2,4820.1,8008.91,943,25
811,Officia Product,8,8839.67,7970.98,927,229
812,Aut Product,5,2871.41,3426.75,492,454
813,Unde Product,7,1813.29,3957.35,159,199
814,Placeat Product,4,9437.69,4250.49,340,357
815,Ipsum Product,1,5143.46,8571.34,587,469
816,Facilis Product,10,4935.01,4736.24,822,254
817,Itaque Product,6,6171.43,6515.11,685,123
818,Distinctio Product,5,8409.18,6786.55,161,301
819,Aliquam Product,6,8499.57,4265.88,490,404
820,Provident Product,5,8793.96,8264.06,791,402
821,Odio Product,4,4814.36,4451.16,590,244
822,Odio Product,5,347.72,8291.53,43,491
823,Nulla Product,8,4270.38,3401.83,335,306
824,Ex Product,8,3572.25,2866.55,97,163
825,Adipisci Product,8,7688.65,6208.95,232,31
826,Ea Product,10,5924.77,7503.84,678,368
827,Consequuntur Product,1,5752.66,2674.86,54,408
828,Ad Product,7,3788.75,3424.3,538,77
829,Nisi Product,4,7474.17,6876.22,371,126
830,Quae Product,9,9833.59,7614.63,690,337
831,Ut Product,7,3718.02,3281.49,204,468
832,Voluptatum Product,4,8662.7,1279.76,441,221
833,Dolorum Product,1,6349.85,8700.73,707,391
834,Eligendi Product,1,8630.84,397.94,497,15
835,Repellendus Product,10,7394.94,712.82,773,126
836,Rem Product,5,5890.65,7170.24,390,423
837,Cumque Product,7,870.19,5720.07,803,307
838,Adipisci Product,9,5720.2,7001.4,873,161
839,Debitis Product,2,958.96,1012.03,928,163
840,Dolore Product,9,2228.86,9137.7,826,476
841,Temporibus Product,5,4077.75,772.93,767,157
842,Perspiciatis Product,8,4541.91,8775.34,542,330
843,Ut Product,7,5160.11,6371.38,307,369
844,Sapiente Product,8,7357.47,3939.7,707,334
845,Dignissimos Product,7,5520.84,1441.62,648,9
846,Quidem Product,6,7148.95,3535.73,371,308
847,A Product,10,3811.78,5027.83,653,35
848,Eaque Product,5,7211.46,6678.08,728,119
849,Id Product,1,7326.95,5476.68,210,255
850,Tenetur Product,7,9091.85,8133.2,343,143
851,Vero Product,8,6836.05,5938.69,452,90
852,Soluta Product,3,764.14,567.81,88,111
853,Inventore Product,2,5366.15,3604.11,335,249
854,Tempore Product,5,4565.57,2352.36,585,303
855,Aliquid Product,2,2607.97,6979.05,532,174
856,Nobis Product,3,2685.39,2877.75,329,424
857,Et Product,3,126.36,3143.12,288,145
858,Iusto Product,2,265.2,8528.46,914,345
859,Asperiores Product,3,9171.61,2185.04,536,247
860,Error Product,4,8399.2,9425.46,570,469
861,Eaque Product,7,4194.84,8797.59,905,255
862,Laudantium Product,8,3094.22,1975.79,228,471
863,Quaerat Product,6,855.91,6422.29,28,73
864,Id Product,6,5189.76,1898.38,942,484
865,Quos Product,7,7747.22,5101.14,100,179
866,Minus Product,4,9513.58,8892.03,814,276
867,Minima Product,6,6413.19,6606.09,520,282
868,Explicabo Product,10,3345.9,8335.99,846,318
869,Ducimus Product,1,8107.57,4987.76,742,454
870,Veritatis Product,2,9175.07,9227.14,587,193
871,Quia Product,6,3673.96,4952.94,928,499
872,Commodi Product,2,3830.22,3311.78,655,92
873,Excepturi Product,4,5426.57,8956.29,119,301
874,Veniam Product,4,3179.38,7252.83,605,47
875,Aliquid Product,9,8926.13,7283.31,769,29
876,Officiis Product,4,9609.12,664.54,284,444
877,Inventore Product,7,1971.88,1251.43,641,419
878,Nostrum Product,3,3186.39,1533.52,725,312
879,Quam Product,6,5784.91,7086.12,267,391
880,Dolore Product,1,8420.12,7000.53,124,89
881,Enim Product,2,5198.6,1512.27,946,99
882,Pariatur Product,5,997.71,873.62,761,206
883,Ab Product,2,2046.75,842.36,923,329
884,Similique Product,6,3688.19,8072.81,995,33
885,Amet Product,6,2312.22,1843.7,847,158
886,Qui Product,5,201.6,4216.99,110,344
887,Architecto Product,2,8947.66,5877.24,929,380
888,Quam Product,7,3669.57,5238.33,699,394
889,Asperiores Product,6,3265.69,3894.04,879,363
890,Temporibus Product,7,2450.07,7612.08,353,454
891,Similique Product,5,1284.83,5326.52,208,306
892,Esse Product,10,1072.98,3892.46,648,440
893,Maiores Product,10,2742.32,1493.02,446,158
894,Amet Product,2,9355.86,8719.06,842,53
895,Non Product,1,4251.58,1038.86,731,384
896,Exercitationem Product,7,9823.8,3646.06,650,48
897,Tenetur Product,1,682.85,7172.99,880,436
898,Esse Product,9,6400.84,1562.35,276,69
899,Aperiam Product,2,4104.53,1386.19,864,258
900,Recusandae Product,3,1604.26,841.14,850,256
901,Magnam Product,6,9285.92,3849.92,685,401
902,Perferendis Product,7,8373.02,5422.14,410,489
903,Eos Product,3,401.72,1879.07,297,255
904,Explicabo Product,10,8016.35,6744.54,783,2
905,Nobis Product,1,3518.1,2227.23,697,410
906,Recusandae Product,6,4973.54,7232.6,584,322
907,Placeat Product,8,586.65,1951.69,169,16
908,Quo Product,1,9605.61,6296.53,954,433
909,Aspernatur Product,5,5632.68,5868.22,772,66
910,Deleniti Product,5,8070.11,5308.94,981,63
911,Quia Product,3,6139.6,885.12,362,96
912,Commodi Product,1,3378.71,9460.78,925,474
913,Consequatur Product,1,7094.32,1443.12,666,486
914,At Product,9,4054.39,7666.83,64,148
915,Quod Product,9,383.93,7527.74,871,94
916,Reprehenderit Product,5,226.66,7451.01,887,154
917,Quam Product,8,2708.55,9071.15,428,355
918,Quae Product,10,9663.79,443.67,613,12
919,In Product,5,8719.18,6046.63,766,300
920,Laboriosam Product,9,3371.77,3755.75,724,133
921,Officiis Product,4,449.24,8560.48,357,322
922,Ratione Product,6,4371.01,1321.38,547,287
923,Voluptatem Product,8,5355.35,8807.75,473,373
924,Explicabo Product,7,3541.19,6639.08,953,315
925,Magnam Product,10,8312.92,749.95,418,338
926,Quod Product,1,4225.24,1259.38,969,71
927,Amet Product,10,328.0,883.34,120,410
928,Quo Product,4,5604.52,136.2,306,247
929,Perspiciatis Product,10,2843.23,7168.08,944,452
930,Nobis Product,2,7561.29,5865.52,239,261
931,Odio Product,1,2152.41,1195.84,758,374
932,Molestiae Product,5,8582.7,4973.97,836,392
933,Suscipit Product,6,7325.54,5343.13,993,368
934,Repudiandae Product,10,2969.5,743.8,748,386
935,Doloribus Product,2,2670.19,7693.91,768,25
936,Quisquam Product,6,2410.25,4212.72,594,123
937,Debitis Product,10,3648.23,928.62,773,210
938,Cumque Product,8,2229.02,581.99,597,170
939,Sapiente Product,4,1348.34,6949.95,525,5
940,Eum Product,9,2632.89,4874.54,549,207
941,Libero Product,9,7507.33,3961.09,838,170
942,Ullam Product,7,6918.79,1460.41,932,86
943,Autem Product,6,7765.55,8926.02,567,340
944,Odio Product,3,8739.11,1551.14,947,85
945,Mollitia Product,9,9020.59,7233.29,133,270
946,Mollitia Product,4,1627.2,3579.73,62,224
947,Voluptas Product,9,5190.97,4086.04,764,153
948,Quas Product,7,4901.09,3919.81,527,258
949,Voluptatem Product,1,6147.04,3822.66,351,411
950,Cupiditate Product,9,2266.23,9250.2,771,144
951,Minima Product,10,3321.99,5482.25,362,76
952,Consequatur Product,2,2387.4,6061.89,103,481
953,Sequi Product,8,3291.53,3306.59,826,364
954,Reprehenderit Product,6,6037.03,1549.15,535,359
955,Provident Product,10,4936.59,5128.89,488,495
956,Dolore Product,5,961.16,6531.11,742,326
957,Dolore Product,5,9710.25,3695.54,928,476
958,Alias Product,3,4342.57,3104.53,143,430
959,Cupiditate Product,2,7920.1,5897.84,454,132
960,Laboriosam Product,6,2317.8,5844.06,384,404
961,Ipsa Product,6,812.22,3434.9,676,224
962,Eveniet Product,5,8878.53,5827.52,471,272
963,Quisquam Product,10,4325.0,8889.2,28,468
964,Dignissimos Product,1,5700.67,2001.85,774,259
965,Eligendi Product,3,704.15,1091.93,823,99
966,Et Product,1,950.03,7009.06,609,244
967,Doloribus Product,3,1808.26,2703.39,149,269
968,Nulla Product,5,7617.31,7533.27,240,157
969,Dignissimos Product,10,1757.19,3655.84,586,25
970,Magnam Product,10,6321.45,7291.46,466,336
971,Autem Product,1,9553.68,7652.19,915,260
972,Consequuntur Product,1,2818.48,7549.84,221,466
973,Occaecati Product,5,5580.13,730.3,894,171
974,Debitis Product,4,4442.47,2337.0,833,452
975,Quae Product,9,4051.41,9374.93,517,54
976,Accusantium Product,6,3330.33,2625.75,921,9
977,Sequi Product,6,2525.98,1507.58,422,21
978,Tenetur Product,10,8916.26,4629.05,293,477
979,Dolore Product,7,6366.62,1352.08,159,25
980,Totam Product,6,7518.93,3783.58,733,437
981,Incidunt Product,5,6278.1,645.03,633,354
982,Ea Product,3,7134.91,7808.56,377,210
983,Ipsam Product,8,7414.97,8795.85,177,412
984,Earum Product,9,3707.86,452.32,107,451
985,Aliquid Product,6,9701.51,6879.09,890,402
986,Voluptas Product,4,5615.12,8185.46,709,255
987,Quam Product,8,3467.82,3074.24,162,46
988,Ullam Product,3,3924.15,3988.62,242,483
989,Inventore Product,10,3770.73,4564.19,544,137
990,Numquam Product,5,7509.04,73.89,594,313
991,Animi Product,1,8328.78,7894.79,104,342
992,Tenetur Product,10,6999.98,8915.6,641,259
993,Qui Product,2,4615.24,3590.39,90,79
994,Consectetur Product,10,6808.1,2670.83,118,407
995,In Product,5,6079.75,1611.25,230,345
996,Esse Product,2,4351.5,2654.35,574,92
997,Fuga Product,9,7617.42,7231.56,549,400
998,Necessitatibus Product,6,6663.34,4546.96,470,228
999,Deleniti Product,7,3570.0,7422.25,616,460
1000,Possimus Product,1,4865.95,3467.54,330,372
1001,Necessitatibus Product,10,2706.91,7551.33,235,327
1002,Alias Product,5,2304.29,7287.14,569,242
1003,Amet Product,8,1108.3,8175.33,839,289
1004,Velit Product,3,9512.42,6909.98,869,299
1005,Perferendis Product,5,7700.05,8163.73,75,250
1006,Tempore Product,7,9471.43,6607.67,325,443
1007,Error Product,2,3523.16,3451.45,494,239
1008,Accusantium Product,2,9941.68,6324.71,132,64
1009,Dicta Product,6,6470.15,4419.15,899,118
1010,Culpa Product,5,6184.16,2533.75,699,37
1011,Pariatur Product,5,6972.92,4621.5,197,181
1012,Consectetur Product,6,4736.15,4779.55,430,131
1013,Ut Product,2,2310.18,2604.94,768,325
1014,Inventore Product,8,3159.3,3768.65,356,449
1015,Repudiandae Product,6,4729.17,5904.98,341,78
1016,Voluptatem Product,4,8620.96,5119.04,401,179
1017,Iure Product,9,274.76,7376.08,787,299
1018,Quidem Product,6,4911.25,5699.25,872,250
1019,Voluptates Product,6,9286.86,973.46,438,207
1020,Facilis Product,1,1638.3,8535.4,563,396
1021,Reiciendis Product,5,6317.89,1160.92,218,211
1022,Nemo Product,3,2459.53,7058.72,690,403
1023,Quam Product,5,4495.99,2890.51,496,53
1024,Itaque Product,5,4064.43,5652.93,475,325
1025,A Product,2,2619.41,9302.24,705,303
1026,Provident Product,8,7231.61,7672.72,730,126
1027,Quam Product,5,1332.41,3350.88,347,293
1028,Pariatur Product,6,9947.47,4947.0,241,256
1029,Placeat Product,5,3791.35,7294.21,57,63
1030,Eum Product,8,351.44,5800.17,417,52
1031,Veritatis Product,1,870.55,3337.98,714,16
1032,Vel Product,1,7603.99,4192.21,56,482
1033,Labore Product,7,4654.12,7520.96,296,295
1034,Debitis Product,1,4939.92,4136.9,631,92
1035,Hic Product,9,3194.75,6475.09,427,463
1036,Aliquid Product,3,1187.44,7592.3,612,415
1037,Mollitia Product,4,6679.37,7332.65,965,300
1038,Aliquid Product,7,4507.18,6446.29,381,102
1039,Neque Product,7,4919.39,2319.44,920,345
1040,Molestias Product,6,7061.99,5666.57,66,251
1041,Similique Product,1,4599.1,1305.33,571,110
1042,Dolorem Product,5,7813.0,9188.52,256,411
1043,Est Product,6,8220.7,7168.51,646,4
1044,Sint Product,2,2793.84,495.36,499,467
1045,Nostrum Product,5,1733.19,6053.14,649,117
1046,Hic Product,7,4111.37,6403.92,250,161
1047,Blanditiis Product,8,7151.45,6921.85,443,227
1048,Dicta Product,2,9511.87,2582.88,42,101
1049,Enim Product,1,6675.51,8688.93,709,370
1050,Facilis Product,4,8065.47,7366.0,467,432
1051,Ea Product,6,5651.13,1499.32,864,13
1052,Consequuntur Product,9,1823.65,8080.62,205,486
1053,Sapiente Product,7,2449.12,6943.39,849,303
1054,Numquam Product,5,7104.67,7609.24,164,454
1055,Ratione Product,9,8653.44,4993.2,459,481
1056,Sed Product,10,1126.49,7706.84,708,66
1057,Excepturi Product,4,7987.96,1621.03,290,321
1058,Doloribus Product,3,3290.49,1553.18,406,43
1059,Esse Product,2,5897.25,7512.84,579,291
1060,Est Product,3,8444.73,7704.61,905,157
1061,Placeat Product,7,9769.78,7220.46,482,494
1062,Laborum Product,5,6328.85,2628.42,956,191
1063,Exercitationem Product,4,1890.55,6536.87,344,144
1064,Totam Product,5,9252.89,1083.6,119,409
1065,At Product,9,6690.75,7274.66,732,176
1066,Quibusdam Product,2,2216.91,8756.91,212,262
1067,Delectus Product,1,6902.78,1414.43,231,283
1068,Amet Product,9,1092.65,5654.91,475,429
1069,Doloribus Product,7,5178.61,7424.05,569,399
1070,Tempore Product,5,8633.36,8924.49,286,196
1071,Tempore Product,3,1741.54,8990.82,287,339
1072,Laboriosam Product,9,2513.92,2345.73,293,500
1073,Nobis Product,1,9004.06,1101.71,473,87
1074,Velit Product,9,2149.88,3727.63,220,1
1075,Sint Product,9,4868.66,7399.37,962,150
1076,Possimus Product,8,9088.58,486.68,606,6
1077,Hic Product,7,6647.86,4615.94,131,498
1078,Enim Product,9,2448.66,4444.55,167,380
1079,Alias Product,10,3794.45,4616.08,689,248
1080,Magni Product,2,6401.44,1803.37,116,256
1081,Dignissimos Product,3,513.79,5205.92,885,265
1082,Odio Product,7,5653.05,6256.48,125,257
1083,Nihil Product,7,8157.83,2151.4,251,454
1084,Est Product,3,3932.51,2860.18,356,408
1085,Ipsum Product,7,2641.36,4107.83,325,56
1086,Fugit Product,10,6167.46,3842.08,350,368
1087,Veniam Product,4,6131.34,243.09,823,467
1088,Expedita Product,5,7981.24,5428.26,598,369
1089,Quasi Product,8,6487.21,2218.47,153,173
1090,Modi Product,2,7081.16,5683.93,719,28
1091,A Product,2,5567.88,7018.36,402,287
1092,Officiis Product,10,1088.43,3802.65,577,73
1093,Unde Product,10,3973.47,9069.88,493,142
1094,Assumenda Product,3,1266.87,3188.48,272,35
1095,Quia Product,10,2564.79,8567.55,766,71
1096,Nesciunt Product,6,9530.75,3844.45,23,72
1097,Delectus Product,3,1219.51,5449.61,971,388
1098,Quos Product,1,5548.99,4869.92,395,406
1099,Consectetur Product,5,5192.55,1387.79,883,476
1100,Consequatur Product,10,2395.86,7352.04,396,280
1101,Rem Product,4,7584.45,7870.4,216,350
1102,Repellat Product,10,6423.91,90.27,390,230
1103,Iure Product,4,8865.36,3133.26,106,246
1104,Ratione Product,5,3446.91,2447.66,607,112
1105,Id Product,6,1308.97,8328.97,772,42
1106,Eum Product,5,566.14,7683.78,110,78
1107,Architecto Product,9,2520.98,870.08,358,189
1108,Corrupti Product,9,9519.97,5558.47,513,290
1109,Cupiditate Product,10,218.15,2134.17,847,389
1110,Libero Product,10,4592.58,4706.79,524,42
1111,Officiis Product,8,7022.66,1866.72,373,211
1112,Necessitatibus Product,9,4573.82,588.5,606,156
1113,Delectus Product,2,1382.74,8650.22,735,196
1114,Ab Product,1,3366.6,9152.02,279,277
1115,Eos Product,4,7631.59,6014.81,624,165
1116,Tempore Product,4,2466.77,3690.0,285,60
1117,Tempora Product,9,4590.1,7919.28,488,238
1118,Corrupti Product,7,8591.32,138.73,306,115
1119,Dicta Product,5,3313.51,9066.9,883,366
1120,Quisquam Product,10,8010.48,4350.19,670,343
1121,Ea Product,4,8443.31,6089.05,503,390
1122,Quia Product,4,541.61,2183.79,290,298
1123,Repellat Product,7,7509.33,6878.21,482,171
1124,Maxime Product,8,8971.76,2545.06,909,175
1125,Quam Product,2,7816.87,2905.74,307,460
1126,Magnam Product,9,8601.97,5593.83,737,448
1127,Sunt Product,8,7281.08,2102.7,139,278
1128,Perferendis Product,2,9909.19,3707.31,897,175
1129,Itaque Product,5,1705.76,536.34,628,400
1130,Nam Product,10,8920.9,3450.85,613,368
1131,Possimus Product,5,8047.19,3958.11,140,54
1132,Rerum Product,2,607.13,9059.28,609,243
1133,Facere Product,7,3136.07,4298.48,316,345
1134,Hic Product,6,4241.44,4409.61,544,290
1135,Temporibus Product,8,1601.84,3710.94,610,108
1136,Provident Product,5,5118.41,2586.03,716,13
1137,Rem Product,4,5841.7,5803.68,284,490
1138,Impedit Product,7,5331.4,3346.87,446,6
1139,Ex Product,7,3851.67,5626.75,631,94
1140,Vitae Product,7,770.03,4958.36,973,210
1141,Nulla Product,9,4815.94,5954.32,902,227
1142,Expedita Product,8,8914.67,4198.86,403,240
1143,Eius Product,1,7593.0,1988.39,598,458
1144,Occaecati Product,7,1528.72,2155.66,499,302
1145,Maiores Product,3,8805.48,7684.63,964,228
1146,Libero Product,2,6733.79,857.02,989,225
1147,Aliquid Product,4,9884.72,1214.27,587,306
1148,Laborum Product,7,1806.67,6293.51,53,209
1149,Placeat Product,9,9671.67,6222.34,191,148
1150,Autem Product,4,1723.24,1870.0,984,398
1151,Fugiat Product,4,613.67,1402.27,651,302
1152,Recusandae Product,4,2597.09,3632.36,826,206
1153,Modi Product,1,8361.73,9045.76,406,290
1154,Hic Product,5,7106.41,6476.48,22,205
1155,Qui Product,10,3503.52,1283.36,369,225
1156,Error Product,9,8811.55,3103.47,163,307
1157,Fuga Product,5,994.41,4830.27,268,247
1158,In Product,1,426.76,3665.0,982,136
1159,Ex Product,5,5357.52,7874.86,364,148
1160,Animi Product,9,4840.88,8999.92,271,55
1161,Error Product,2,9622.28,6020.05,803,410
1162,Tenetur Product,9,7854.7,2468.49,390,180
1163,Quod Product,5,9054.69,5052.9,26,166
1164,Aliquam Product,4,9746.82,3926.36,329,497
1165,Saepe Product,3,3715.12,7616.75,511,286
1166,Perferendis Product,7,5551.42,6074.77,477,279
1167,Optio Product,7,371.39,1755.03,254,370
1168,Aut Product,10,9514.46,1645.01,275,455
1169,Consequuntur Product,2,9178.83,373.03,940,48
1170,Dolorem Product,10,9691.5,8588.71,593,206
1171,Dolor Product,7,9232.79,9040.92,814,296
1172,Inventore Product,3,5445.46,4510.17,557,398
1173,Nesciunt Product,8,1678.85,8418.43,528,104
1174,Quo Product,2,2590.82,1538.43,337,291
1175,Tempora Product,6,7992.32,1691.29,857,58
1176,Optio Product,8,9165.56,5506.78,337,154
1177,Aspernatur Product,2,4328.39,2265.6,798,94
1178,Labore Product,9,5611.41,112.65,24,10
1179,Qui Product,6,877.95,440.54,559,250
1180,Ab Product,5,3450.91,799.27,981,11
1181,Quo Product,3,6842.95,6954.38,691,386
1182,Ipsam Product,1,914.46,8436.37,389,153
1183,Ratione Product,6,9476.44,681.48,302,272
1184,Nostrum Product,8,6233.19,6273.28,732,35
1185,Dicta Product,1,8697.59,2592.62,445,68
1186,Autem Product,8,3263.43,7040.37,818,51
1187,Fugiat Product,6,1794.06,6484.94,604,230
1188,Incidunt Product,5,2830.17,7848.49,255,445
1189,Sit Product,7,648.48,5101.53,805,175
1190,Voluptas Product,5,7375.95,8857.44,844,97
1191,Aliquid Product,4,232.63,9193.78,539,488
1192,Nulla Product,8,1503.41,2298.23,588,111
1193,Harum Product,7,5395.6,6138.3,456,26
1194,Possimus Product,2,8657.84,3221.16,628,79
1195,Omnis Product,4,1432.36,4637.28,294,380
1196,Ex Product,9,3488.18,6699.92,655,325
1197,Deserunt Product,8,168.98,3499.09,759,55
1198,Placeat Product,10,4379.63,5807.93,887,500
1199,Dignissimos Product,8,6726.16,311.85,152,180
1200,Aliquid Product,2,5757.43,486.78,888,288
1201,Dolores Product,3,5542.12,6862.23,149,122
1202,Adipisci Product,4,7079.82,9212.07,480,431
1203,Numquam Product,1,8330.27,5487.05,891,102
1204,Commodi Product,8,5896.36,4827.17,627,466
1205,Aspernatur Product,2,3502.34,9166.1,666,466
1206,Id Product,6,9153.41,7709.74,99,220
1207,Provident Product,4,8040.52,6153.99,105,145
1208,Blanditiis Product,10,1732.25,233.3,826,239
1209,Ipsa Product,6,8321.85,4392.18,732,440
1210,Distinctio Product,2,9949.7,9151.98,956,94
1211,Dolor Product,5,5656.76,4470.18,263,299
1212,Hic Product,7,1668.67,1281.2,635,41
1213,Maxime Product,9,9264.19,2296.59,91,92
1214,Sunt Product,5,6566.04,9050.84,830,469
1215,Similique Product,8,7303.41,2276.75,966,331
1216,Non Product,7,7111.97,4407.28,195,452
1217,Pariatur Product,5,3040.96,6054.12,222,323
1218,Necessitatibus Product,6,8613.29,5933.91,493,266
1219,Doloremque Product,8,1731.43,9258.9,405,186
1220,Error Product,8,1192.14,8592.83,790,365
1221,Cum Product,5,2305.72,4950.08,712,332
1222,Tenetur Product,1,8365.69,5846.47,605,25
1223,Corporis Product,4,2775.09,5095.74,39,329
1224,Quibusdam Product,5,1341.07,4500.01,904,215
1225,Officiis Product,1,6302.19,6863.4,601,147
1226,Quam Product,1,6053.93,4009.08,382,248
1227,Minima Product,4,4831.03,1254.35,920,86
1228,Aperiam Product,7,3881.24,7413.5,730,427
1229,Maxime Product,3,1346.32,2523.06,177,473
1230,Inventore Product,1,2286.16,7438.86,256,28
1231,Culpa Product,10,7628.7,6833.52,294,473
1232,Debitis Product,1,9132.47,6464.38,171,239
1233,Cumque Product,4,1176.46,6766.53,790,236
1234,Occaecati Product,3,8213.96,3792.22,953,34
1235,Vitae Product,5,4964.29,8236.38,451,293
1236,Harum Product,1,8800.14,6042.57,554,137
1237,Doloremque Product,3,9192.22,7583.4,242,169
1238,Laudantium Product,10,5322.13,7014.29,479,411
1239,At Product,5,1719.48,5485.72,672,125
1240,Ipsam Product,6,6202.92,6517.5,953,356
1241,In Product,8,7896.41,7584.02,104,181
1242,Quisquam Product,4,8644.14,237.86,192,86
1243,Natus Product,7,7714.57,1595.32,328,239
1244,Optio Product,4,4086.57,150.15,756,104
1245,Aperiam Product,3,6090.63,200.25,58,361
1246,Dicta Product,1,4380.01,8010.93,436,35
1247,Ipsa Product,5,3080.95,4317.72,520,128
1248,Nemo Product,6,3249.18,6274.32,73,366
1249,Nemo Product,5,1842.76,2399.12,430,318
1250,Cum Product,8,6027.04,6892.92,787,32
1251,Vel Product,7,4484.46,3486.82,903,138
1252,Eos Product,10,2323.88,1906.48,998,119
1253,Tempora Product,10,4062.43,231.67,347,438
1254,Quis Product,4,7419.48,6399.16,905,94
1255,Maxime Product,6,1827.72,4480.25,730,114
1256,Perferendis Product,6,4621.07,2394.73,837,423
1257,Magni Product,9,1076.22,2141.43,40,479
1258,Eaque Product,8,2401.19,3266.66,664,460
1259,Delectus Product,4,599.69,9365.43,453,159
1260,Tenetur Product,2,8466.83,1491.38,796,244
1261,Occaecati Product,5,314.22,5437.04,403,98
1262,Nostrum Product,8,1657.1,2334.33,375,23
1263,Quos Product,6,9166.96,3827.74,148,128
1264,Officiis Product,3,3333.87,7788.17,519,363
1265,Ipsa Product,2,3719.81,3418.88,567,440
1266,Possimus Product,8,635.98,5604.32,293,325
1267,Nam Product,1,2806.49,1489.35,683,419
1268,Incidunt Product,5,9468.4,3766.4,92,41
1269,Eaque Product,10,6244.43,3559.12,401,439
1270,Quisquam Product,2,1402.8,2247.79,840,417
1271,Assumenda Product,1,9419.67,7333.07,97,301
1272,Facere Product,2,8460.36,7820.69,770,499
1273,Quibusdam Product,6,9043.84,3350.85,780,115
1274,Praesentium Product,5,6151.28,2449.62,800,499
1275,Minima Product,2,6203.06,8313.89,132,171
1276,Distinctio Product,8,8597.38,3017.86,528,487
1277,Eum Product,2,8951.95,3757.54,836,119
1278,Et Product,3,9592.05,6020.54,154,143
1279,Earum Product,7,2535.71,7987.01,460,62
1280,Magnam Product,7,1427.87,8102.1,707,343
1281,Facilis Product,9,6605.62,8477.3,753,222
1282,Delectus Product,4,3227.83,137.49,817,1
1283,Consequatur Product,8,4414.6,741.34,62,149
1284,Corrupti Product,3,641.88,5787.22,695,198
1285,Unde Product,9,8105.89,6359.24,450,305
1286,Eos Product,8,4659.73,780.92,214,352
1287,Maxime Product,4,6958.03,4042.23,954,478
1288,Dicta Product,9,516.13,7283.61,58,56
1289,Ut Product,1,878.61,2738.8,792,214
1290,Facere Product,2,8510.83,6973.82,634,77
1291,Error Product,8,8327.47,5006.01,590,51
1292,Ex Product,9,5979.58,411.6,838,499
1293,Recusandae Product,7,6598.79,3696.51,268,285
1294,Error Product,9,1227.43,9187.07,504,363
1295,Ea Product,9,7365.21,887.22,856,351
1296,Nesciunt Product,6,9332.71,8847.61,66,180
1297,Natus Product,1,6642.3,3658.1,429,389
1298,Rerum Product,9,5409.4,1564.95,510,91
1299,Fugit Product,9,439.32,4578.13,179,366
1300,Nostrum Product,8,1650.27,66.8,673,284
1301,Accusantium Product,2,6764.97,8967.39,317,230
1302,Provident Product,3,6359.51,4379.06,380,216
1303,Temporibus Product,5,275.65,4923.98,764,371
1304,Rem Product,1,9598.33,2147.38,807,205
1305,Nesciunt Product,10,4490.1,8406.71,798,307
1306,Voluptate Product,10,6325.23,5433.6,125,329
1307,Animi Product,5,3532.13,2734.33,581,105
1308,Nemo Product,7,4668.36,800.62,416,247
1309,Est Product,5,5686.56,8969.09,408,270
1310,Vero Product,9,7259.86,4297.21,90,445
1311,Quis Product,9,3442.5,4693.95,123,44
1312,Saepe Product,7,3112.79,4123.96,379,343
1313,Voluptatum Product,10,7976.49,7808.7,232,156
1314,Ipsam Product,4,9268.67,894.88,69,470
1315,Possimus Product,8,2174.14,8857.38,36,369
1316,Delectus Product,1,1433.56,5051.47,374,220
1317,Assumenda Product,6,7608.38,2071.62,809,241
1318,Dignissimos Product,8,4872.9,2336.47,713,103
1319,Laudantium Product,2,3847.43,6547.0,512,56
1320,Fugit Product,10,7849.37,7984.69,130,191
1321,Quam Product,5,5520.31,6412.66,32,437
1322,Fuga Product,2,1521.42,6332.23,161,489
1323,Ipsa Product,6,9557.52,2791.18,348,13
1324,Unde Product,1,9968.2,2845.19,52,260
1325,Nesciunt Product,1,6691.5,5589.11,583,432
1326,Fuga Product,4,5723.48,4736.97,666,235
1327,Fugit Product,4,5252.24,4570.03,337,194
1328,Hic Product,2,3978.11,174.64,837,407
1329,Repellendus Product,5,2562.43,2126.72,707,31
1330,Ullam Product,1,396.1,800.97,248,161
1331,Quasi Product,3,6189.37,5894.46,251,10
1332,Dolor Product,8,6947.26,6796.07,128,225
1333,Soluta Product,10,5707.3,6134.08,341,139
1334,Est Product,7,7570.49,1492.11,654,255
1335,Qui Product,4,3656.34,4981.66,837,194
1336,Doloremque Product,3,1538.19,1516.67,816,168
1337,Ut Product,7,651.3,1618.07,275,20
1338,Ad Product,3,2322.1,9064.57,59,191
1339,Est Product,7,7461.22,4317.69,888,500
1340,Laboriosam Product,2,1926.08,794.78,397,266
1341,Officia Product,10,7392.13,7856.32,124,473
1342,Aliquid Product,9,8523.32,1618.72,902,260
1343,Quasi Product,1,3434.46,3951.13,461,23
1344,Distinctio Product,9,8030.28,8080.62,242,297
1345,Inventore Product,3,4929.19,5278.92,809,142
1346,Ipsam Product,8,6385.37,367.95,590,196
1347,Ad Product,4,4221.21,3134.34,505,201
1348,Fugiat Product,10,3297.29,5263.14,851,439
1349,Vitae Product,5,3097.19,1517.52,168,82
1350,Sunt Product,5,6971.39,1459.71,569,279
1351,Vero Product,7,1994.79,716.19,909,237
1352,Nobis Product,4,4674.03,2886.92,62,116
1353,Voluptatibus Product,2,8392.22,8285.56,955,273
1354,Molestiae Product,1,6984.96,3643.45,409,324
1355,Eum Product,10,8140.52,8744.82,826,63
1356,Vel Product,10,7646.11,6377.12,438,4
1357,Quos Product,7,944.17,2541.91,973,401
1358,Libero Product,2,8746.24,5416.29,782,64
1359,Dolore Product,2,8164.37,7650.04,650,65
1360,Eligendi Product,6,8485.29,3625.55,693,347
1361,Saepe Product,10,1515.84,2920.66,517,210
1362,Cum Product,9,5566.89,7393.24,316,33
1363,Fugit Product,1,2282.4,791.75,115,102
1364,Nobis Product,2,5205.12,1097.67,898,438
1365,Consequuntur Product,9,6371.53,2998.88,991,176
1366,Minus Product,2,7004.34,2237.26,342,326
1367,Alias Product,2,4504.85,5599.48,22,159
1368,Totam Product,5,4559.32,4797.0,444,1
1369,Reiciendis Product,10,7473.92,7538.04,846,463
1370,Accusantium Product,7,4587.03,2846.37,857,258
1371,Quasi Product,8,5313.01,704.02,222,54
1372,Harum Product,5,8112.31,3392.35,952,200
1373,Rem Product,5,3215.55,1232.6,802,79
1374,Tenetur Product,8,3348.41,9279.97,634,138
1375,Repellat Product,1,4604.44,2580.04,247,110
1376,Non Product,8,2728.69,5892.34,614,315
1377,Ipsum Product,9,4552.8,5760.34,255,127
1378,Corrupti Product,10,1154.77,2211.78,785,497
1379,Tempora Product,10,2960.41,1806.02,665,208
1380,Nobis Product,5,801.0,7926.16,37,115
1381,Fuga Product,3,4323.61,7695.66,379,120
1382,Est Product,2,7057.95,5309.13,376,251
1383,Animi Product,7,2490.22,6527.46,57,42
1384,Accusantium Product,1,9964.86,5744.2,679,171
1385,Fuga Product,5,4129.34,944.17,349,116
1386,Exercitationem Product,7,470.77,8848.15,41,32
1387,Quia Product,5,4464.04,9033.01,429,238
1388,Odit Product,10,3073.1,5355.52,813,326
1389,Cumque Product,10,8181.45,5634.4,540,130
1390,Placeat Product,9,786.43,164.51,685,127
1391,Quos Product,7,8100.42,289.59,74,472
1392,Eligendi Product,8,7999.53,87.13,93,228
1393,Sunt Product,8,9501.87,7281.32,247,335
1394,Quia Product,8,3200.67,8625.43,629,102
1395,Libero Product,4,8177.15,8878.49,474,271
1396,Dolorum Product,2,1195.42,8412.94,472,55
1397,Doloremque Product,10,7064.49,4048.52,73,19
1398,Assumenda Product,5,6199.27,1658.59,115,138
1399,Ipsam Product,5,3007.87,8978.48,849,183
1400,Corporis Product,6,8507.16,4046.16,306,117
1401,Ea Product,4,2409.61,6305.71,330,340
1402,Facilis Product,10,7331.07,9357.56,967,176
1403,Fugiat Product,6,9407.22,2212.27,131,246
1404,Modi Product,1,8203.58,6919.14,388,125
1405,Optio Product,1,8776.7,7204.89,338,317
1406,Excepturi Product,10,5877.71,3685.67,433,179
1407,Sunt Product,4,7221.48,6831.63,1000,379
1408,Accusamus Product,10,4828.46,7907.41,261,54
1409,Tempore Product,8,2242.91,5416.89,330,391
1410,Omnis Product,7,6975.26,1512.58,538,254
1411,Ea Product,3,9298.04,1902.92,784,416
1412,Facilis Product,9,8244.56,8042.79,405,440
1413,Aliquam Product,6,9700.51,2352.03,656,79
1414,Beatae Product,8,6622.65,3716.79,484,340
1415,Doloremque Product,2,2681.67,789.38,967,491
1416,Nisi Product,4,2807.45,1947.17,147,459
1417,Sit Product,8,9182.37,3740.38,979,18
1418,Dicta Product,7,158.05,3488.26,676,52
1419,Molestias Product,8,8739.86,7843.95,493,312
1420,Non Product,3,1272.58,6826.58,417,70
1421,Error Product,6,342.53,6641.24,621,286
1422,Perspiciatis Product,10,1960.98,8336.78,788,135
1423,Aliquam Product,7,3092.37,2021.51,626,274
1424,Quam Product,10,4533.82,1010.35,323,340
1425,Dolorem Product,6,3670.13,96.33,914,119
1426,Ea Product,10,7201.74,2417.58,155,244
1427,Non Product,2,7270.56,9363.59,427,489
1428,Iusto Product,10,9652.3,3471.99,149,310
1429,At Product,1,3359.74,5919.75,197,200
1430,Iure Product,1,170.17,6351.35,822,491
1431,Numquam Product,2,6705.5,7136.04,105,419
1432,Labore Product,6,4298.91,3974.38,886,300
1433,Facere Product,8,2006.01,2487.37,278,496
1434,Minima Product,10,6305.31,823.96,990,45
1435,Aliquid Product,4,111.95,6405.94,589,263
1436,Eveniet Product,3,6585.97,1875.9,894,156
1437,Ad Product,7,8338.86,5951.46,802,349
1438,Dolores Product,9,8541.7,4567.77,221,346
1439,Nam Product,4,828.41,2541.93,288,271
1440,Doloribus Product,2,4988.52,8450.75,497,486
1441,Voluptas Product,4,6318.48,3949.94,942,481
1442,Quis Product,6,9697.33,6897.84,91,311
1443,Numquam Product,3,1351.81,728.72,563,281
1444,Dolor Product,3,8799.99,248.37,238,385
1445,Excepturi Product,2,5310.07,9349.27,861,148
1446,Repellat Product,2,4858.85,646.58,664,322
1447,In Product,4,8301.85,1519.86,443,135
1448,Voluptatibus Product,2,6933.75,4173.62,264,217
1449,Sunt Product,9,1973.81,8678.43,644,303
1450,Aliquid Product,2,4196.89,4420.07,300,8
1451,Laudantium Product,4,1558.69,7435.67,702,35
1452,Sunt Product,10,7368.31,6273.67,371,72
1453,Repellendus Product,9,1576.93,8430.93,844,206
1454,Vitae Product,8,9123.94,1701.91,929,309
1455,Illo Product,4,4664.84,2507.35,886,320
1456,Velit Product,10,3276.69,8177.72,978,96
1457,Recusandae Product,6,1931.59,5860.81,799,132
1458,Dolor Product,5,3082.72,4966.23,798,493
1459,Aspernatur Product,4,8034.2,7109.08,459,393
1460,Occaecati Product,9,4406.56,1117.53,925,60
1461,Quos Product,2,3160.19,9226.83,246,24
1462,Cumque Product,7,2649.29,5767.25,552,13
1463,Minima Product,6,5663.09,4575.63,881,171
1464,Neque Product,6,7054.56,5661.71,695,401
1465,Enim Product,1,7732.14,8648.05,735,456
1466,Occaecati Product,3,7821.99,5064.61,971,313
1467,Odit Product,1,1800.13,3417.33,120,353
1468,Ducimus Product,3,256.53,6946.0,997,200
1469,Rerum Product,4,4732.82,1148.37,202,454
1470,Occaecati Product,7,4013.17,262.51,169,98
1471,Iste Product,6,5136.33,734.75,835,4
1472,Impedit Product,3,6262.64,3307.42,654,302
1473,Quis Product,10,9518.74,4476.45,252,370
1474,Molestias Product,8,9704.7,7578.39,220,309
1475,Debitis Product,6,9769.78,8108.16,343,391
1476,Illo Product,6,767.74,9137.79,855,75
1477,At Product,5,7226.14,2596.14,107,38
1478,Quam Product,2,4846.89,2096.6,420,494
1479,Illo Product,8,217.31,6764.07,455,76
1480,Aspernatur Product,6,3990.15,6220.25,903,221
1481,Nostrum Product,2,1123.76,3497.06,588,150
1482,Reiciendis Product,3,2132.33,339.45,34,279
1483,Quidem Product,1,3678.79,9086.47,52,381
1484,Voluptatem Product,9,7024.31,5512.44,190,322
1485,Quo Product,5,9942.84,5328.95,543,239
1486,Dicta Product,4,9619.33,7974.4,195,410
1487,Voluptatum Product,2,489.22,4507.6,753,268
1488,Perferendis Product,9,2106.96,1673.18,471,118
1489,Enim Product,7,9817.74,7255.59,317,279
1490,Eum Product,6,1578.52,75.23,156,4
1491,Sequi Product,2,6210.11,8034.81,583,152
1492,Incidunt Product,3,5493.22,2444.48,709,36
1493,Dolor Product,7,6850.6,1563.57,647,358
1494,Perferendis Product,7,7644.12,2028.27,425,168
1495,Soluta Product,2,1654.4,6961.44,355,181
1496,Voluptatum Product,6,1004.61,6753.59,38,490
1497,Laborum Product,6,8861.52,355.81,137,317
1498,Corrupti Product,5,6917.49,7313.11,747,66
1499,Eaque Product,3,4349.82,1684.08,726,25
1500,Ex Product,1,2177.06,151.45,482,69
1501,Quia Product,3,2482.21,411.81,783,335
1502,Quisquam Product,9,2386.05,6715.93,214,343
1503,Illo Product,5,6859.75,8339.12,675,141
1504,Fugit Product,4,9958.07,3176.95,229,295
1505,Eligendi Product,2,9808.05,7303.06,164,435
1506,Occaecati Product,9,398.35,5778.07,912,213
1507,Rem Product,7,2289.02,4038.15,941,402
1508,Id Product,7,6160.94,7951.6,502,373
1509,Nobis Product,5,191.57,1999.93,21,131
1510,Necessitatibus Product,6,2856.64,2438.21,985,10
1511,Autem Product,7,1085.94,3744.61,614,238
1512,Blanditiis Product,1,403.21,5215.33,317,404
1513,Aut Product,6,5567.96,993.6,766,336
1514,Omnis Product,2,4949.03,2878.61,614,485
1515,Tempore Product,7,8318.34,1656.09,23,301
1516,Odio Product,3,3027.61,1174.69,26,163
1517,Officiis Product,1,6576.55,9162.86,437,316
1518,Accusamus Product,10,9784.43,3978.39,768,369
1519,Cumque Product,4,1309.47,7954.52,745,170
1520,Explicabo Product,6,1681.99,2360.92,186,69
1521,Possimus Product,9,9360.94,3115.36,877,281
1522,Perspiciatis Product,4,9842.65,6172.86,671,156
1523,In Product,4,3563.43,2611.08,78,489
1524,Sed Product,5,5019.75,3873.39,980,175
1525,Ipsum Product,4,5998.56,491.53,129,45
1526,Vero Product,2,9154.89,7385.97,856,167
1527,Quidem Product,6,5114.77,4164.55,205,238
1528,Laborum Product,8,7070.83,5267.94,201,206
1529,Optio Product,1,2288.39,9341.0,302,273
1530,Tempore Product,10,284.94,2298.72,280,466
1531,Repudiandae Product,6,8043.18,5092.96,836,260
1532,Esse Product,1,7096.32,5653.93,140,429
1533,Accusamus Product,9,4374.49,7603.13,889,432
1534,Tenetur Product,5,8285.49,1290.28,643,458
1535,Nulla Product,4,3742.96,6688.8,728,394
1536,Dignissimos Product,5,6641.43,3494.2,920,93
1537,Saepe Product,1,3327.25,7548.12,597,209
1538,Saepe Product,8,3279.63,4736.49,641,437
1539,Porro Product,2,1159.05,1830.07,479,304
1540,Omnis Product,9,2312.65,6746.66,796,170
1541,Facilis Product,8,4175.6,1399.42,915,129
1542,Perferendis Product,6,7693.84,6502.73,109,200
1543,Expedita Product,1,5539.97,9300.66,889,183
1544,Magnam Product,9,5747.36,8664.28,59,409
1545,Sequi Product,2,8794.13,6280.36,191,93
1546,Dolorum Product,2,7788.22,1953.4,746,268
1547,Commodi Product,10,7790.84,624.45,957,264
1548,Quam Product,4,2795.72,4138.29,786,37
1549,Expedita Product,3,6749.03,6056.61,929,265
1550,Repellendus Product,10,6212.53,2197.81,723,472
1551,Placeat Product,8,2879.56,8578.66,778,60
1552,Similique Product,4,7332.17,5457.71,793,328
1553,Quia Product,8,5815.43,8179.84,628,65
1554,Incidunt Product,8,1140.81,8615.13,356,357
1555,Numquam Product,7,9356.91,8671.85,896,435
1556,Repudiandae Product,4,2191.31,6445.37,786,277
1557,Temporibus Product,9,6798.6,8389.76,169,263
1558,Eaque Product,6,7365.42,9152.58,594,441
1559,Facilis Product,10,5169.81,4893.4,127,280
1560,Id Product,5,7781.83,9208.51,498,203
1561,Tenetur Product,4,606.38,8643.52,602,5
1562,Numquam Product,1,4755.61,4741.37,311,316
1563,Neque Product,10,9804.16,8079.22,985,373
1564,Labore Product,5,7840.15,3004.38,720,462
1565,Magnam Product,5,8708.53,2976.73,132,436
1566,Tempora Product,1,4573.8,5545.46,868,88
1567,Tempora Product,7,1440.83,6100.36,968,176
1568,Culpa Product,5,6576.5,2863.44,482,426
1569,Pariatur Product,6,9935.79,1081.23,420,16
1570,Numquam Product,5,2569.91,5528.53,961,264
1571,Nemo Product,4,9216.93,4923.6,997,321
1572,Eum Product,10,7433.64,4416.48,640,361
1573,At Product,10,9664.65,3488.61,895,161
1574,Quaerat Product,8,5123.09,2157.05,708,255
1575,Maiores Product,6,4224.73,9369.8,585,37
1576,Cumque Product,7,4821.82,2974.11,863,112
1577,Dolore Product,5,6804.19,4669.21,998,356
1578,Libero Product,4,662.21,4235.0,706,51
1579,Eos Product,8,4710.35,3715.93,921,472
1580,Non Product,4,3231.4,291.36,661,2
1581,Dolor Product,8,5127.82,2109.27,617,81
1582,Quibusdam Product,3,1988.4,6811.44,533,165
1583,Nihil Product,5,235.17,8594.6,438,298
1584,Minima Product,10,6079.75,1277.52,587,171
1585,Cupiditate Product,1,7307.65,2168.77,803,493
1586,Molestias Product,3,9304.0,6507.91,422,162
1587,Dolorem Product,4,1670.36,2298.09,731,344
1588,Ut Product,6,8107.73,2740.83,481,80
1589,Rem Product,5,5982.93,556.8,163,496
1590,Error Product,3,2532.1,4605.57,96,150
1591,Ea Product,7,7942.89,3166.04,54,300
1592,Sapiente Product,4,7132.58,3016.95,372,356
1593,Fugiat Product,8,9868.28,445.97,172,19
1594,Fugiat Product,1,4169.63,4493.99,95,100
1595,Impedit Product,7,9746.31,2558.68,975,406
1596,Recusandae Product,6,5679.65,7603.58,838,201
1597,Consequatur Product,2,7683.12,1068.46,597,128
1598,Placeat Product,10,1023.11,6049.5,509,347
1599,Veniam Product,1,8443.11,3120.57,468,377
1600,Eius Product,7,1123.34,1503.61,910,77
1601,Nemo Product,9,6526.16,6251.23,667,14
1602,Doloribus Product,6,3923.41,2727.03,590,356
1603,Repellat Product,6,2558.49,91.31,282,190
1604,Ipsam Product,6,3306.04,8929.01,614,171
1605,Doloremque Product,1,1348.09,3904.56,742,171
1606,Dolores Product,7,165.51,4760.06,806,276
1607,Repudiandae Product,10,8039.9,2994.75,832,111
1608,Adipisci Product,4,6497.04,4663.1,898,99
1609,Nulla Product,10,7259.43,633.22,714,422
1610,Provident Product,7,450.12,4959.73,730,380
1611,In Product,4,4063.04,3612.93,696,420
1612,Ad Product,3,9485.6,4057.64,971,289
1613,Quaerat Product,1,1919.04,6529.41,173,32
1614,Accusantium Product,10,4496.81,9017.08,712,12
1615,Amet Product,7,1131.42,7357.3,58,222
1616,Occaecati Product,8,335.19,6866.3,999,175
1617,Magni Product,2,1809.17,577.47,618,435
1618,Molestiae Product,4,2603.23,5829.63,488,224
1619,Eaque Product,10,4808.67,1595.92,137,196
1620,Sed Product,3,7308.35,5259.15,218,352
1621,Aspernatur Product,4,7573.6,7779.13,622,377
1622,Facere Product,2,7432.26,1538.86,961,194
1623,Inventore Product,10,1552.39,73.1,365,115
1624,Quos Product,1,4855.8,1558.37,961,214
1625,Error Product,1,8672.33,8533.41,148,453
1626,Sequi Product,3,5157.99,6214.88,475,384
1627,Molestias Product,5,1900.13,7415.37,343,147
1628,Perspiciatis Product,10,5640.63,4689.91,574,275
1629,Consectetur Product,8,7913.93,8466.78,975,75
1630,Aspernatur Product,1,4062.27,1474.36,729,339
1631,Voluptate Product,9,8322.89,7111.9,46,492
1632,Aspernatur Product,2,9810.42,1632.03,610,284
1633,Est Product,1,9025.21,2494.59,740,215
1634,Ducimus Product,6,5082.37,3112.22,778,452
1635,Corrupti Product,5,4961.59,174.18,601,214
1636,Natus Product,1,6502.65,8423.8,993,136
1637,Delectus Product,8,1640.75,5981.08,958,419
1638,Nam Product,6,1851.15,4406.75,483,282
1639,Excepturi Product,8,6979.28,4484.64,580,464
1640,Explicabo Product,9,2682.63,4222.35,849,357
1641,Quisquam Product,10,2798.59,3055.86,499,235
1642,Laboriosam Product,1,9940.67,866.58,946,315
1643,Corporis Product,9,5051.22,4338.03,963,79
1644,Odit Product,9,3132.52,3819.47,82,408
1645,Mollitia Product,10,1449.68,7578.33,170,458
1646,Vero Product,7,6901.47,722.85,679,388
1647,Unde Product,7,2645.86,4184.82,21,175
1648,Possimus Product,4,8670.3,754.33,548,483
1649,Ad Product,7,429.43,3708.97,754,204
1650,Tempore Product,9,5201.58,7561.79,96,354
1651,Atque Product,7,3842.19,9494.87,910,296
1652,Sed Product,6,6396.18,1414.06,616,269
1653,Quis Product,4,8985.91,8367.11,799,391
1654,Eaque Product,5,1422.01,6520.53,263,192
1655,Saepe Product,5,923.74,3819.7,38,44
1656,Quae Product,10,6078.91,9283.63,589,349
1657,Aperiam Product,5,5606.03,4985.73,22,477
1658,Quidem Product,2,4765.68,6590.72,818,371
1659,Placeat Product,7,4910.4,8539.99,395,88
1660,Optio Product,1,4847.43,6181.77,761,486
1661,Nostrum Product,1,4765.83,2745.44,311,116
1662,Placeat Product,4,4304.02,5228.33,401,375
1663,Nemo Product,8,6011.32,4330.96,175,332
1664,Rerum Product,5,4181.61,6378.58,355,499
1665,Eius Product,2,1006.75,8804.22,604,474
1666,Rerum Product,1,607.29,4481.88,854,55
1667,Delectus Product,8,5597.15,3472.04,763,91
1668,Iure Product,1,3785.02,1454.24,701,148
1669,Nemo Product,10,4788.2,6533.43,972,321
1670,Corporis Product,4,7062.96,5887.96,53,42
1671,Commodi Product,1,9898.6,1676.8,942,454
1672,Temporibus Product,8,3708.3,5950.3,637,243
1673,Officia Product,5,6519.38,6423.45,689,340
1674,Quas Product,6,6436.04,8254.08,452,165
1675,Commodi Product,10,8683.97,9384.37,786,159
1676,Nihil Product,5,8331.02,1628.13,174,197
1677,Fuga Product,10,7659.16,2487.3,684,85
1678,Dolor Product,1,2884.68,3872.18,135,179
1679,Ducimus Product,4,4464.0,421.85,832,403
1680,Eius Product,6,1019.87,8536.77,212,123
1681,Voluptates Product,8,9380.58,9342.18,805,118
1682,Earum Product,8,7915.21,7574.29,424,380
1683,Inventore Product,10,7737.32,6539.57,478,195
1684,Eos Product,9,1240.6,6438.76,405,393
1685,Similique Product,1,8391.08,3076.18,528,393
1686,Possimus Product,2,8102.51,4376.26,633,337
1687,Fugit Product,1,8019.39,4973.12,650,371
1688,Aliquam Product,7,5210.49,795.05,299,302
1689,Atque Product,10,445.12,601.05,998,420
1690,Nostrum Product,6,5082.83,1665.15,772,24
1691,Odit Product,6,4497.67,2559.29,47,290
1692,Quo Product,10,5817.83,4177.1,207,133
1693,Pariatur Product,6,7672.04,3048.84,471,378
1694,Illo Product,10,1181.88,8567.87,112,355
1695,Fuga Product,1,9119.34,4945.84,839,355
1696,Quae Product,2,9625.38,2415.2,713,218
1697,Quisquam Product,9,6135.91,6365.55,764,165
1698,Rerum Product,10,2301.49,1618.18,268,183
1699,Amet Product,10,4179.29,4775.76,234,27
1700,Ullam Product,8,7259.81,1926.39,301,355
1701,Dicta Product,9,182.31,7225.95,925,80
1702,Dolorem Product,3,6600.75,4005.69,178,178
1703,Iure Product,10,9681.28,4730.96,974,69
1704,Est Product,1,3415.97,3186.29,579,424
1705,Perferendis Product,3,8244.1,4936.04,925,475
1706,Officia Product,8,9221.75,5229.18,124,368
1707,Officiis Product,10,1494.97,657.05,796,412
1708,Doloribus Product,5,4757.76,6505.19,643,374
1709,Dignissimos Product,9,2872.4,2932.7,25,151
1710,Earum Product,3,5880.36,8890.24,126,247
1711,Rem Product,9,9196.62,6496.72,833,451
1712,Eos Product,3,897.98,4111.42,489,94
1713,Mollitia Product,8,3425.9,498.11,297,177
1714,Sint Product,3,6252.8,8527.18,453,229
1715,Expedita Product,7,6234.77,4807.57,684,317
1716,Amet Product,8,5937.83,5169.61,492,482
1717,Hic Product,8,3373.36,2684.48,545,133
1718,Aliquam Product,8,7609.07,9183.2,261,143
1719,Reiciendis Product,1,1243.91,5818.06,159,370
1720,Similique Product,10,9912.13,9346.16,445,456
1721,Optio Product,1,6943.43,9146.2,465,94
1722,Voluptatibus Product,8,3395.43,9415.39,735,298
1723,Velit Product,4,2586.56,8515.43,548,309
1724,Labore Product,1,1197.71,7990.8,881,271
1725,Voluptatum Product,5,7897.5,4571.99,268,217
1726,Accusamus Product,6,4130.52,8754.6,91,185
1727,Excepturi Product,7,5588.41,3849.49,742,68
1728,Sequi Product,4,8691.33,636.87,984,416
1729,Maiores Product,8,379.41,4008.47,648,130
1730,Soluta Product,9,399.53,3036.89,257,53
1731,Alias Product,7,447.72,6726.93,480,326
1732,Ratione Product,5,2488.6,549.5,877,226
1733,Accusantium Product,3,8103.42,8683.43,752,385
1734,Aliquam Product,8,767.32,3960.94,684,83
1735,Natus Product,5,3052.69,8292.34,380,215
1736,Omnis Product,4,8629.62,7608.12,127,67
1737,Nostrum Product,2,2176.1,6651.09,523,279
1738,Voluptates Product,3,5620.25,4664.15,796,409
1739,Officiis Product,1,9071.09,3983.06,346,357
1740,Ullam Product,5,3532.5,8193.69,359,263
1741,Harum Product,7,3829.42,3391.89,353,363
1742,Consectetur Product,5,891.06,8839.37,189,322
1743,Temporibus Product,9,6838.55,1713.39,162,39
1744,Soluta Product,3,9157.21,4995.29,573,196
1745,Itaque Product,7,5881.6,8662.09,343,428
1746,Facilis Product,10,2797.84,5619.19,751,311
1747,Commodi Product,9,7635.68,1709.45,533,456
1748,Quos Product,3,9936.0,7994.6,313,230
1749,Ullam Product,1,3350.55,470.11,101,343
1750,Ducimus Product,4,8413.38,1633.46,651,277
1751,Magnam Product,9,8683.77,4399.57,831,376
1752,Nostrum Product,3,2175.12,1555.78,37,107
1753,Quibusdam Product,7,9451.99,4991.92,320,65
1754,Itaque Product,8,9301.73,7127.79,578,200
1755,Magnam Product,3,4332.01,5167.92,699,399
1756,Corporis Product,6,1942.91,1411.04,493,379
1757,Vero Product,7,9817.42,6876.45,173,4
1758,Necessitatibus Product,9,9940.02,4615.46,594,116
1759,Dolorem Product,5,4432.55,805.94,781,4
1760,Doloribus Product,7,1901.77,5124.12,863,114
1761,Rerum Product,5,6413.5,3328.76,910,387
1762,Eos Product,6,4855.35,3283.06,455,89
1763,Voluptatem Product,4,9544.99,1269.67,843,436
1764,Omnis Product,8,5047.09,6795.76,57,29
1765,Hic Product,5,3372.86,3259.76,385,362
1766,Minima Product,10,4751.18,625.46,148,398
1767,Omnis Product,8,2284.2,6060.47,864,65
1768,Unde Product,3,5552.43,7759.45,849,230
1769,Veritatis Product,1,3190.51,1592.4,280,22
1770,Sequi Product,3,3377.57,3241.75,950,211
1771,Nam Product,9,6075.95,7513.11,720,115
1772,Possimus Product,10,7978.06,8482.93,489,333
1773,Aspernatur Product,1,3002.4,1032.79,508,498
1774,Occaecati Product,9,5420.63,9068.52,388,404
1775,Nesciunt Product,10,4271.13,7462.03,312,205
1776,Odit Product,8,2405.18,3744.71,825,448
1777,Quae Product,6,3863.12,146.0,305,264
1778,Culpa Product,5,7486.67,4125.16,784,117
1779,Sunt Product,4,1955.38,1735.08,888,37
1780,Inventore Product,3,2905.89,5741.62,380,274
1781,Quo Product,8,9188.4,4186.3,30,338
1782,Amet Product,7,8922.56,2309.99,649,135
1783,Dignissimos Product,6,5868.57,5652.19,882,143
1784,Rerum Product,3,4275.28,350.26,442,13
1785,Qui Product,9,5986.93,1999.81,107,66
1786,Quas Product,1,2331.35,9076.78,609,262
1787,Sapiente Product,1,6968.71,2330.51,988,259
1788,Repellendus Product,8,1002.06,7224.5,167,279
1789,Sed Product,4,2552.74,4059.62,659,28
1790,Ipsa Product,6,8921.82,5229.68,97,20
1791,Aliquid Product,9,6769.22,8995.8,394,420
1792,Ab Product,4,2146.39,2697.92,847,102
1793,Vero Product,6,4096.63,250.11,671,336
1794,Quae Product,8,4960.92,4883.62,491,37
1795,Ad Product,6,9267.42,3506.95,461,338
1796,Laborum Product,10,3744.1,6635.12,615,342
1797,Impedit Product,5,3599.19,4724.32,601,176
1798,Consequatur Product,10,5743.42,9275.68,46,457
1799,Recusandae Product,6,3309.68,6178.69,724,323
1800,Nesciunt Product,7,1426.64,6760.2,104,227
1801,Vitae Product,2,3073.59,3495.0,931,491
1802,Ex Product,5,8985.95,5333.97,659,177
1803,Molestiae Product,3,6927.82,1287.77,893,340
1804,Cupiditate Product,6,1519.78,8867.12,985,233
1805,Earum Product,9,6487.85,4780.89,813,389
1806,Et Product,2,4004.14,3011.02,914,35
1807,Ipsum Product,10,6328.61,1798.0,326,427
1808,Deserunt Product,6,4965.12,6764.53,347,77
1809,Facere Product,1,8057.93,431.4,846,341
1810,Dolores Product,3,4788.48,3695.03,657,452
1811,Provident Product,5,4685.97,293.06,768,397
1812,Voluptas Product,9,1500.82,9037.62,213,422
1813,Qui Product,6,6863.7,2336.64,760,480
1814,Incidunt Product,2,7879.16,7022.46,311,450
1815,Ut Product,5,195.11,6686.08,616,103
1816,Sit Product,7,2412.16,6135.67,833,403
1817,Harum Product,1,5801.16,902.9,836,367
1818,Repellat Product,2,8245.13,8566.13,390,368
1819,Porro Product,3,3600.46,5452.32,616,291
1820,Placeat Product,1,7103.28,2717.86,856,245
1821,Cupiditate Product,10,9139.67,886.71,839,467
1822,Provident Product,4,9051.95,3120.47,436,5
1823,Excepturi Product,2,5581.51,5666.55,997,495
1824,Nostrum Product,2,2119.07,2909.61,767,120
1825,Impedit Product,5,8030.34,6759.99,504,36
1826,Accusantium Product,4,2221.96,7299.45,658,222
1827,Itaque Product,3,8935.69,4090.05,445,45
1828,Totam Product,3,4986.33,2793.85,151,60
1829,Necessitatibus Product,2,1592.3,7357.42,654,45
1830,Nihil Product,4,5074.76,9442.66,60,48
1831,Voluptates Product,5,5961.42,2935.23,55,84
1832,Quis Product,10,5303.86,5742.13,589,280
1833,Voluptatem Product,9,7142.91,5515.84,713,212
1834,Placeat Product,5,8114.74,1541.05,139,423
1835,Praesentium Product,10,1166.15,5490.5,624,19
1836,Perferendis Product,9,1625.39,6388.13,216,165
1837,Necessitatibus Product,7,9645.83,6920.72,732,106
1838,Debitis Product,2,4478.46,1482.66,798,221
1839,Illo Product,7,4941.66,9421.58,967,365
1840,Soluta Product,2,9121.71,853.97,898,336
1841,Laborum Product,4,6938.74,8573.08,114,317
1842,Sint Product,2,8889.78,7545.58,510,149
1843,Quo Product,1,3278.49,8241.33,134,123
1844,Aliquid Product,4,7839.04,266.65,928,128
1845,Rerum Product,5,9531.59,2540.04,396,221
1846,Earum Product,1,9585.68,773.99,935,266
1847,Adipisci Product,8,7722.47,3309.71,866,367
1848,Voluptatibus Product,8,4592.44,7148.17,177,184
1849,Quod Product,8,1605.04,761.03,406,388
1850,Laudantium Product,4,1264.95,296.62,220,340
1851,Fugiat Product,8,9600.84,4811.18,98,48
1852,Sequi Product,1,3223.03,8449.28,793,226
1853,Id Product,1,9545.65,7229.09,607,314
1854,Magnam Product,7,8611.17,1994.57,454,205
1855,Id Product,8,324.83,3313.75,642,144
1856,Error Product,7,9148.57,8202.16,426,204
1857,Explicabo Product,10,2531.09,6813.49,804,127
1858,Blanditiis Product,4,6931.22,610.06,524,56
1859,Et Product,6,5276.86,134.13,47,297
1860,Qui Product,8,8679.81,670.88,691,25
1861,Saepe Product,9,4266.48,2409.17,241,153
1862,Aut Product,4,8459.36,7601.32,435,173
1863,Quos Product,9,7805.33,2820.29,922,357
1864,Tempora Product,9,6965.55,5266.96,658,449
1865,Porro Product,3,2509.72,3216.26,769,3
1866,Hic Product,10,4979.59,1393.23,891,456
1867,Quisquam Product,6,9142.01,7973.52,164,352
1868,Cum Product,6,5549.06,3240.93,300,183
1869,Velit Product,6,9989.47,1113.78,655,394
1870,Architecto Product,2,8952.24,9073.01,820,13
1871,Officiis Product,4,9201.45,4958.14,189,399
1872,Facilis Product,4,4340.82,5178.15,950,106
1873,Veniam Product,9,7133.3,1897.02,919,289
1874,Suscipit Product,4,1539.16,2322.92,37,17
1875,Eius Product,5,6979.08,3935.79,469,187
1876,Voluptas Product,9,3180.89,4029.32,838,141
1877,Sunt Product,9,4364.2,4582.3,748,137
1878,Soluta Product,2,3989.66,4690.84,110,67
1879,Cumque Product,1,4063.21,1048.38,360,177
1880,Voluptas Product,3,5793.37,4593.43,58,63
1881,Dolore Product,5,3647.67,2903.05,545,53
1882,Corporis Product,2,7518.04,2595.4,838,41
1883,Iusto Product,6,4450.18,5191.27,743,160
1884,Voluptas Product,4,7060.17,8475.93,94,213
1885,Assumenda Product,9,3873.97,1013.69,415,470
1886,Nihil Product,1,8611.5,8341.91,97,46
1887,Sed Product,9,6114.96,3826.87,786,12
1888,Veniam Product,6,3482.78,6752.67,296,195
1889,Vel Product,6,9106.69,1708.0,427,257
1890,Explicabo Product,4,3859.77,7166.41,967,435
1891,Deleniti Product,4,5048.34,895.82,293,414
1892,Quam Product,1,2064.21,8340.34,712,140
1893,Adipisci Product,6,2880.02,3243.75,600,182
1894,Earum Product,7,7900.5,320.86,256,4
1895,Rem Product,2,1017.89,9077.41,678,71
1896,Explicabo Product,3,5015.78,1465.95,245,496
1897,Officiis Product,9,3826.43,5597.57,948,137
1898,Explicabo Product,3,6935.61,6207.93,764,495
1899,Eius Product,8,7463.07,7637.61,419,409
1900,Magnam Product,9,2394.37,3524.3,824,448
1901,Aperiam Product,1,9428.78,3119.78,715,324
1902,Enim Product,8,312.61,7515.44,218,133
1903,Eaque Product,1,7830.84,5763.09,107,209
1904,Quidem Product,6,428.15,1122.59,213,211
1905,Neque Product,5,8575.71,7171.68,989,10
1906,Eveniet Product,4,2823.44,5036.67,277,288
1907,Alias Product,5,1969.31,7095.02,505,417
1908,Dignissimos Product,8,435.87,6580.21,196,415
1909,Soluta Product,8,9286.73,3175.3,696,296
1910,Modi Product,6,8775.1,1222.87,850,93
1911,Sequi Product,10,9551.09,2460.53,647,384
1912,Dolorem Product,7,4334.69,3161.91,161,428
1913,Fuga Product,2,9811.62,7152.37,507,432
1914,Quam Product,6,8462.93,1282.57,371,87
1915,Asperiores Product,9,176.75,163.22,444,496
1916,Recusandae Product,2,6518.77,4272.53,297,157
1917,Corrupti Product,8,5841.59,7450.82,733,385
1918,Explicabo Product,6,5892.25,2263.52,710,61
1919,Quos Product,7,7144.83,5255.09,863,84
1920,Fuga Product,7,2857.13,6970.07,640,250
1921,Eveniet Product,2,6899.83,6509.23,67,28
1922,Quasi Product,2,4505.06,4445.42,988,53
1923,Maiores Product,3,6862.57,5937.0,671,336
1924,Ratione Product,6,4539.87,9046.77,775,379
1925,Fugiat Product,4,505.45,2607.02,816,485
1926,Minima Product,10,3087.18,2713.4,735,472
1927,Dignissimos Product,5,1819.93,6718.05,672,435
1928,Illum Product,4,3202.45,3363.21,173,404
1929,Est Product,9,2099.73,2065.38,193,346
1930,Amet Product,9,8115.81,6787.3,900,208
1931,Modi Product,8,5780.41,5292.81,695,107
1932,Quidem Product,1,9191.21,3967.55,353,194
1933,Dicta Product,5,6408.42,9033.03,503,50
1934,Voluptatem Product,2,3482.35,5345.47,924,374
1935,Quod Product,2,8374.34,8227.13,499,492
1936,Doloribus Product,1,6783.84,4980.45,628,143
1937,Hic Product,2,9330.36,8895.28,519,373
1938,Modi Product,10,1296.13,9394.59,142,39
1939,Corporis Product,5,9336.94,2486.16,410,365
1940,Molestias Product,2,9681.58,9493.94,896,259
1941,Aut Product,4,697.47,5498.51,391,410
1942,Ullam Product,5,1807.37,7302.37,914,471
1943,Debitis Product,8,2207.57,6964.27,808,344
1944,Et Product,9,9180.74,8157.9,803,173
1945,Voluptas Product,3,2487.64,9499.89,705,248
1946,Quidem Product,5,5639.72,7976.49,765,254
1947,Fugiat Product,8,146.85,4479.75,593,455
1948,Molestiae Product,2,6361.98,3269.02,196,172
1949,Culpa Product,2,1652.56,7146.61,764,395
1950,Sint Product,9,8300.29,5253.18,187,387
1951,Est Product,3,4121.17,5453.05,619,31
1952,Distinctio Product,10,4150.09,3885.44,765,10
1953,Aspernatur Product,3,5457.31,3457.54,756,432
1954,Dolor Product,4,5538.21,2081.82,604,332
1955,Dolor Product,6,4647.8,3923.24,432,389
1956,Doloremque Product,9,1422.61,1074.54,754,1
1957,Minus Product,1,1970.23,9434.08,503,5
1958,Accusantium Product,10,8443.53,250.1,67,416
1959,Doloremque Product,4,4925.44,7389.93,560,324
1960,Iure Product,9,7542.96,3989.85,750,361
1961,Facere Product,7,7539.46,8925.63,250,85
1962,Cupiditate Product,1,5037.23,7994.17,790,362
1963,Repellendus Product,1,5749.33,8453.9,547,121
1964,Alias Product,5,5095.61,5662.05,708,356
1965,Animi Product,7,4967.91,2927.23,470,443
1966,Totam Product,7,9345.31,1713.22,439,178
1967,Ipsum Product,1,8538.98,7595.29,709,443
1968,Cumque Product,5,8139.53,3782.44,472,69
1969,Cumque Product,7,4761.82,3456.26,302,46
1970,Amet Product,10,5147.33,4795.27,477,301
1971,Cumque Product,5,5034.28,5506.38,23,440
1972,Deleniti Product,1,2018.93,3204.83,155,387
1973,Veritatis Product,3,704.0,4184.03,203,204
1974,Placeat Product,10,9917.78,2183.51,241,65
1975,Odio Product,7,6666.69,8593.07,373,88
1976,Exercitationem Product,6,9529.22,2154.33,30,314
1977,Saepe Product,1,9991.04,4410.67,813,420
1978,Laudantium Product,5,7778.04,420.65,410,117
1979,Sint Product,6,956.76,4916.19,170,332
1980,Officia Product,3,2790.45,3827.28,510,189
1981,Suscipit Product,2,1338.93,6741.45,224,247
1982,Ea Product,10,5976.19,283.63,757,409
1983,Quod Product,6,8421.57,8363.55,429,371
1984,Dolorem Product,7,6044.74,2023.78,159,253
1985,Tempora Product,7,2382.43,9432.99,152,77
1986,Aliquam Product,9,9442.4,6638.09,183,396
1987,Assumenda Product,9,2385.69,1371.23,825,427
1988,Nisi Product,4,5023.2,1719.95,365,385
1989,Odio Product,10,2158.19,384.01,849,118
1990,Quos Product,8,8263.07,6980.15,751,454
1991,Eligendi Product,1,168.37,6598.15,339,73
1992,Maiores Product,4,2584.73,8518.29,229,381
1993,Tenetur Product,8,210.29,1916.5,258,455
1994,Nesciunt Product,4,6859.72,6024.82,570,455
1995,Autem Product,9,2184.37,2704.8,428,325
1996,Perferendis Product,2,1366.04,6151.58,932,281
1997,Dolor Product,1,2766.88,2120.69,123,304
1998,Consectetur Product,9,8029.37,6114.23,400,386
1999,Aspernatur Product,2,4827.43,4028.13,694,198
2000,Eius Product,9,263.97,9284.95,662,198
